code,name,brand,longitude,latitude
0000000003,松屋 江古田店,松屋,139.671585,35.738541
0000000004,松屋 西荻窪店,松屋,139.599762,35.703560
0000000014,松屋 阿佐ヶ谷店,松屋,139.636002,35.705227
0000000015,松屋 荻窪北口店 ※1月30日15時閉店。ご愛顧ありがとうございました,松屋,139.621277,35.704796
0000000016,松屋 高円寺店,松屋,139.649521,35.705856
0000000024,松屋 大塚店,松屋,139.727646,35.732944
0000000032,松屋 吉祥寺南口店,松屋,139.579025,35.702705
0000000035,松屋 下北沢店,松屋,139.667526,35.660854
0000000036,松屋 鶴見店,松屋,139.674866,35.508816
0000000038,松屋 八王子店,松屋,139.338104,35.657021
0000000047,松屋 大森店,松屋,139.727524,35.588722
0000000050,松屋 西船橋店,松屋,139.959579,35.708496
0000000051,松屋 経堂店,松屋,139.637100,35.650352
0000000054,松屋 高田馬場店,松屋,139.703796,35.714119
0000000056,松屋 金町店,松屋,139.870956,35.769936
0000000057,松屋 淵野辺店（松のや併設）,松屋,139.392014,35.565044
0000000060,松屋 武蔵村山店,松屋,139.406921,35.748398
0000000062,松屋 渋谷センター街店,松屋,139.698883,35.660244
0000000070,松屋 草加店（松のや併設）,松屋,139.786789,35.846447
0000000071,松屋 立川店（マイカリー食堂併設）,松屋,139.414780,35.698990
0000000072,松屋 新宿西口店,松屋,139.696976,35.689651
0000000073,松屋 駒沢店,松屋,139.660614,35.632626
0000000078,松屋 大山店,松屋,139.703003,35.748894
0000000079,松屋 大宮東口店,松屋,139.624664,35.907913
0000000082,松屋 多摩ニュータウン店,松屋,139.394135,35.624878
0000000083,松屋 鶴瀬店,松屋,139.537827,35.845211
0000000084,松屋 ひばりが丘店,松屋,139.544785,35.752010
0000000086,松屋 三鷹南口店,松屋,139.560883,35.700966
0000000095,松屋 阪神尼崎店,松屋,135.415695,34.719738
0000000096,松屋 岸和田店,松屋,135.376877,34.450150
0000000100,松屋 大和店,松屋,139.462708,35.469532
0000000101,松屋 千日前店,松屋,135.501877,34.666428
0000000102,松屋 本厚木店,松屋,139.364792,35.440338
0000000103,松屋 鶴見東口店（マイカリー食堂併設）,松屋,139.677551,35.508232
0000000107,松屋 町田店,松屋,139.447861,35.541977
0000000109,松屋 市川店,松屋,139.908859,35.729431
0000000110,松屋 喜連瓜破店,松屋,135.551315,34.609409
0000000111,松屋 布施店,松屋,135.561905,34.664394
0000000113,松屋 南池袋店,松屋,139.711761,35.727222
0000000116,松屋 門前仲町店,松屋,139.794174,35.672874
0000000118,松屋 大船店,松屋,139.534119,35.353474
0000000119,松屋 小田急相模原店,松屋,139.424103,35.514828
0000000121,松屋 代々木店,松屋,139.701813,35.683083
0000000122,松屋 都立大学店 ※2月16日15時より一時閉店、2月24日15時オープン,松屋,139.676559,35.616913
0000000124,松屋 西五反田店,松屋,139.723282,35.624390
0000000125,松屋 松戸店,松屋,139.899689,35.783905
0000000126,松屋 白山店,松屋,139.752869,35.722416
0000000128,松屋 神楽坂店,松屋,139.741287,35.700745
0000000133,松屋 目黒東口店,松屋,139.716629,35.634247
0000000137,松屋 練馬店,松屋,139.654312,35.737236
0000000138,松屋 北浦和店 ※3月9日15時閉店。ご愛顧ありがとうございました,松屋,139.644424,35.871792
0000000139,松屋 千葉店,松屋,140.116745,35.610317
0000000140,松屋 阪急南方駅前店（マイカリー食堂併設）,松屋,135.499191,34.725849
0000000142,松屋 三宿店,松屋,139.677948,35.647572
0000000144,松屋 立川錦町店（マイカリー食堂併設）,松屋,139.415207,35.696228
0000000145,松屋 神戸元町西口店,松屋,135.187531,34.689381
0000000150,松屋 亀戸店,松屋,139.825150,35.697746
0000000151,松屋 高田馬場4丁目店,松屋,139.701859,35.713367
0000000152,松屋 浦安店,松屋,139.894302,35.665279
0000000153,松屋 赤羽店,松屋,139.723282,35.779228
0000000154,松屋 川崎銀座街店,松屋,139.700943,35.531155
0000000159,松屋 日吉店,松屋,139.645874,35.553093
0000000161,松屋 平塚店,松屋,139.349380,35.328964
0000000162,松屋 西川口店,松屋,139.705475,35.816055
0000000164,松屋 新宿南口店 ※2月23日15時より一時閉店、3月25日15時オープン,松屋,139.702133,35.690308
0000000165,松屋 三軒茶屋店,松屋,139.670883,35.642395
0000000166,松屋 針中野店,松屋,135.532623,34.617512
0000000167,松屋 横浜店,松屋,139.619171,35.463459
0000000169,松屋 浅草橋店,松屋,139.786255,35.696964
0000000170,松屋 神田西口店,松屋,139.767410,35.691399
0000000171,松屋 関大前店,松屋,135.507690,34.773586
0000000173,松屋 阿倍野店,松屋,135.512512,34.643829
0000000174,松屋 三条木屋町店,松屋,135.770342,35.008743
0000000176,松屋 富士見台店,松屋,139.629684,35.735485
0000000177,松屋 中野通り店,松屋,139.665100,35.709526
0000000185,松屋 津田沼店,松屋,140.022629,35.690495
0000000186,松屋 納屋橋店 （松のや併設）,松屋,136.890732,35.167915
0000000187,松屋 武蔵新城店,松屋,139.630402,35.587025
0000000188,松屋 近大前店,松屋,135.585175,34.651588
0000000189,松屋 本郷三丁目店,松屋,139.760620,35.706306
0000000190,松屋 熊谷バイパス店（松のや併設）,松屋,139.390564,36.165100
0000000193,松屋 都筑インター店,松屋,139.603210,35.549679
0000000194,松屋 広小路本町店,松屋,136.901840,35.168404
0000000195,松屋 野方店,松屋,139.652420,35.718910
0000000198,松屋 曙橋店,松屋,139.722687,35.692272
0000000199,松屋 JR高槻南口店,松屋,135.619415,34.850582
0000000200,松屋 亀島店（松のや併設）,松屋,136.872665,35.175720
0000000204,松屋 北小金店,松屋,139.935165,35.826126
0000000205,松屋 蕨店,松屋,139.691437,35.827904
0000000209,松屋 志木店,松屋,139.573700,35.822189
0000000210,松屋 金山店,松屋,136.902924,35.144264
0000000212,松屋 大泉学園店,松屋,139.586090,35.750244
0000000213,松屋 中村橋店,松屋,139.637924,35.737461
0000000214,松屋 元住吉店,松屋,139.650665,35.565853
0000000216,松屋 西新宿店,松屋,139.685806,35.690521
0000000217,松屋 秋葉原店,松屋,139.775208,35.699150
0000000218,松屋 向ヶ丘遊園店,松屋,139.563980,35.616287
0000000219,松屋 錦糸町南店,松屋,139.814880,35.695282
0000000220,松屋 神立店 （松のや併設）,松屋,137.755035,34.717949
0000000223,松屋 下高井戸店,松屋,139.639282,35.665718
0000000224,松屋 上野店,松屋,139.773804,35.710049
0000000226,松屋 千歳烏山店（マイカリー食堂併設）,松屋,139.601074,35.668667
0000000227,松屋 本八幡南口店,松屋,139.926254,35.719711
0000000228,松屋 大久保店,松屋,139.696030,35.701725
0000000229,松屋 中野坂上店,松屋,139.682388,35.697189
0000000230,松屋 あびこ店（松のや併設）,松屋,135.513046,34.599831
0000000231,松屋 京成大久保店 (松のや併設),松屋,140.048325,35.686855
0000000233,松屋 大岡山店,松屋,139.685577,35.609180
0000000234,松屋 狭山店,松屋,139.430435,35.884869
0000000235,松屋 深大寺店,松屋,139.554169,35.681171
0000000237,松屋 川崎枡形店,松屋,139.552826,35.620754
0000000240,松屋 新栄店,松屋,136.920181,35.169910
0000000242,松屋 吉祥寺サンロード店,松屋,139.580139,35.704262
0000000243,松屋 祐天寺店,松屋,139.691742,35.637585
0000000244,松屋 東五反田店,松屋,139.726868,35.625542
0000000245,松屋 蒲田東口店,松屋,139.719849,35.562302
0000000246,松屋 山科店,松屋,135.817642,34.991745
0000000247,松屋 今池店（松のや併設）,松屋,136.936813,35.167099
0000000248,松屋 代々木八幡店,松屋,139.689056,35.669014
0000000250,松屋 中野南口店,松屋,139.665604,35.703743
0000000251,松屋 町屋店,松屋,139.781052,35.743443
0000000252,松屋 王子店,松屋,139.737030,35.755371
0000000254,松屋 横浜西口店,松屋,139.622284,35.467625
0000000255,松屋 東武練馬店,松屋,139.661026,35.768982
0000000256,松屋 戸越銀座店,松屋,139.715302,35.615536
0000000257,松屋 行徳店,松屋,139.913864,35.682850
0000000259,松屋 伊丹店,松屋,135.419922,34.769520
0000000260,松屋 南海難波店,松屋,135.500046,34.665062
0000000261,松屋 鹿島田店,松屋,139.676163,35.551746
0000000264,松屋 赤坂店,松屋,139.735382,35.671631
0000000265,松屋 武蔵小山店,松屋,139.703918,35.619572
0000000267,松屋 岐阜茜部店,松屋,136.752640,35.388981
0000000268,松屋 春日井店（松のや併設）,松屋,136.970428,35.247162
0000000269,松屋 自由ヶ丘店,松屋,139.669846,35.608208
0000000270,松屋 早稲田店,松屋,139.719543,35.706539
0000000271,松屋 秦野店,松屋,139.226578,35.370846
0000000272,松屋 神田小川町店,松屋,139.764984,35.694206
0000000273,松屋 新高円寺店,松屋,139.647888,35.697906
0000000274,松屋 保谷店,松屋,139.567932,35.747768
0000000275,松屋 藤沢南口店,松屋,139.489029,35.338345
0000000276,松屋 馬喰町店,松屋,139.782120,35.692585
0000000277,松屋 京都久御山店,松屋,135.742355,34.887783
0000000278,松屋 春日部店,松屋,139.751602,35.978428
0000000279,松屋 稲毛店,松屋,140.093781,35.637592
0000000280,松屋 東大宮店,松屋,139.641129,35.950771
0000000281,松屋 ふじみ野店,松屋,139.513367,35.858555
0000000282,松屋 海老名店,松屋,139.392258,35.450890
0000000283,松屋 錦糸町北口店,松屋,139.813156,35.697861
0000000284,松屋 志木東口店,松屋,139.575333,35.823406
0000000285,松屋 町田中町店,松屋,139.441895,35.553146
0000000286,松屋 西所沢店（松のや併設）,松屋,139.454910,35.796227
0000000287,松屋 関内ベイスターズ通り店,松屋,139.638199,35.445374
0000000288,松屋 西新井店,松屋,139.789795,35.776257
0000000289,松屋 新宿二丁目店,松屋,139.708099,35.689503
0000000290,松屋 鴬谷店,松屋,139.777832,35.722713
0000000291,松屋 京阪京橋店,松屋,135.532593,34.697803
0000000292,松屋 綱島店,松屋,139.633942,35.536156
0000000296,松屋 東村山店,松屋,139.466187,35.759666
0000000297,松屋 武蔵関店,松屋,139.576950,35.727242
0000000298,松屋 両国店,松屋,139.793610,35.695667
0000000299,松屋 高津店,松屋,139.617065,35.602619
0000000300,松屋 旗の台店,松屋,139.703812,35.606281
0000000301,松屋 千駄木店,松屋,139.763031,35.724453
0000000306,松屋 桜美林学園店（松のや併設）,松屋,139.407272,35.579674
0000000308,松屋 四ツ橋店,松屋,135.496765,34.672581
0000000309,松屋 学芸大学店,松屋,139.685120,35.629253
0000000310,松屋 北浦和東口店,松屋,139.646896,35.872505
0000000311,松屋 橋本店,松屋,139.344482,35.596298
0000000314,松屋 駒込店,松屋,139.747559,35.735977
0000000315,松屋 みずほ台店,松屋,139.549667,35.837090
0000000316,松屋 白楽店,松屋,139.627701,35.488461
0000000319,松屋 森下店,松屋,139.798431,35.687557
0000000321,松屋 踊場店,松屋,139.518265,35.405743
0000000323,松屋 四日市日永店,松屋,136.606140,34.947052
0000000327,松屋 紀ノ川大橋店,松屋,135.149963,34.232311
0000000328,松屋 南行徳店,松屋,139.902573,35.672874
0000000330,松屋 鴨居店,松屋,139.567429,35.510582
0000000332,松屋 新宿靖国通り店,松屋,139.702438,35.693539
0000000335,松屋 中目黒店,松屋,139.698425,35.644703
0000000338,松屋 上石神井店,松屋,139.591431,35.726841
0000000339,松屋 北松戸店（松のや併設）,松屋,139.912735,35.800652
0000000340,松屋 三河安城店（松のや併設）,松屋,137.048538,34.971977
0000000342,松屋 京王八王子店,松屋,139.341385,35.657631
0000000343,松屋 厚木店,松屋,139.357422,35.435936
0000000345,松屋 久我山店,松屋,139.600082,35.687622
0000000348,松屋 東十条店（松のや併設）,松屋,139.727478,35.765656
0000000349,松屋 上板橋店,松屋,139.676910,35.763882
0000000350,松屋 桜木町店,松屋,139.629547,35.449417
0000000351,松屋 池袋アゼリア通り店,松屋,139.706192,35.731853
0000000353,松屋 浅草吾妻橋店,松屋,139.797363,35.710464
0000000354,松屋 西千葉店,松屋,140.102585,35.622307
0000000356,松屋 中延店,松屋,139.712753,35.606094
0000000357,松屋 ときわ台店,松屋,139.689896,35.759556
0000000359,松屋 大井町店,松屋,139.736893,35.607212
0000000361,松屋 武蔵境店,松屋,139.544235,35.702988
0000000362,松屋 天王町店,松屋,139.603745,35.454308
0000000366,松屋 八幡山店,松屋,139.616440,35.671253
0000000367,松屋 人形町店,松屋,139.782623,35.685734
0000000370,松屋 津田沼南口店,松屋,140.019516,35.691444
0000000373,松屋 千葉我孫子店,松屋,140.011383,35.872059
0000000375,松屋 鶴橋店,松屋,135.528946,34.665794
0000000376,松屋 恵美須町店,松屋,135.505035,34.654430
0000000377,松屋 新宿大ガード店,松屋,139.699585,35.693344
0000000378,松屋 千川店（マイカリー食堂併設）,松屋,139.690018,35.738068
0000000379,松屋 西八王子店,松屋,139.313126,35.656277
0000000381,松屋 不動前店,松屋,139.712769,35.626163
0000000384,松屋 志村坂上店,松屋,139.695312,35.776546
0000000385,松屋 板橋本町店,松屋,139.706635,35.761658
0000000386,松屋 東高円寺店,松屋,139.658585,35.698025
0000000387,松屋 今里店,松屋,135.542404,34.668262
0000000388,松屋 小雑賀店,松屋,135.183960,34.203270
0000000389,松屋 東小金井店,松屋,139.524460,35.701344
0000000390,松屋 豊田山之手店（松のや併設）,松屋,137.142624,35.056499
0000000391,松屋 長後店,松屋,139.464233,35.412338
0000000394,松屋 入谷店,松屋,139.784729,35.719444
0000000395,松屋 尾山台店,松屋,139.652893,35.606003
0000000398,松屋 桜上水店,松屋,139.632980,35.668819
0000000400,松屋 新木場店,松屋,139.827286,35.644970
0000000403,松屋 羽村店,松屋,139.315704,35.759285
0000000404,松屋 福生店,松屋,139.328690,35.742638
0000000406,松屋 上鶴間店（松のや併設）,松屋,139.445099,35.538143
0000000407,松屋 我孫子若松店,松屋,140.016418,35.866592
0000000408,松屋 新検見川店,松屋,140.073074,35.651440
0000000411,松屋 大阪本町店,松屋,135.502182,34.682259
0000000412,松屋 初石店,松屋,139.916931,35.884079
0000000413,松屋 三ノ輪店,松屋,139.792038,35.730339
0000000414,松屋 鷺宮店,松屋,139.646683,35.722958
0000000415,松屋 中野富士見町店,松屋,139.667145,35.690762
0000000416,松屋 安城錦町店,松屋,137.082443,34.953407
0000000420,松屋 藤沢北口店,松屋,139.485901,35.339657
0000000421,松屋 梅田角田町店,松屋,135.500671,34.703434
0000000422,松屋 東松山店,松屋,139.401794,36.035938
0000000424,松屋 多摩愛宕店（松のや併設）,松屋,139.431320,35.629539
0000000425,松屋 岡崎北店,松屋,137.162369,34.981377
0000000426,松屋 蘇我店,松屋,140.126709,35.580784
0000000429,松屋 豊田十塚店（松のや併設）,松屋,137.160156,35.079990
0000000430,松屋 中野新橋店,松屋,139.674347,35.692642
0000000431,松屋 東船橋店,松屋,140.006042,35.691547
0000000432,松屋 氷川台店,松屋,139.664688,35.750248
0000000433,松屋 高島平店,松屋,139.665039,35.782024
0000000434,松屋 新大塚店,松屋,139.729599,35.725899
0000000435,松屋 川口上青木店,松屋,139.724457,35.824318
0000000438,松屋 日野店,松屋,139.391891,35.678795
0000000441,松屋 東千葉店,松屋,140.127533,35.619034
0000000443,松屋 逗子店,松屋,139.580078,35.296722
0000000446,松屋 昭島松原町店,松屋,139.356628,35.713871
0000000448,松屋 帝京大学前店,松屋,139.417252,35.638474
0000000450,松屋 五井店,松屋,140.087875,35.513737
0000000452,松屋 お花茶屋店,松屋,139.840515,35.747700
0000000453,松屋 姫路駅南大路通店,松屋,134.684830,34.817703
0000000454,松屋 大島店,松屋,139.835342,35.689926
0000000456,松屋 池尻大橋店,松屋,139.685181,35.650803
0000000457,松屋 浦安富士見店,松屋,139.887848,35.646214
0000000461,松屋 神戸元町東口店 ※2月24日15時より一時閉店、2月26日15時オープン,松屋,135.188248,34.690681
0000000462,松屋 笹塚2丁目店,松屋,139.667847,35.676144
0000000463,松屋 紀尾井町店,松屋,139.738708,35.683281
0000000464,松屋 新所沢東口店,松屋,139.456772,35.806988
0000000466,松屋 南柏店（松のや併設）,松屋,139.953293,35.844646
0000000467,松屋 吉祥院店（マイカリー食堂併設）,松屋,135.725937,34.971020
0000000469,松屋 百万遍店,松屋,135.777969,35.027313
0000000470,松屋 JR茨木店（松のや併設）,松屋,135.562500,34.817017
0000000471,松屋 祖師谷大蔵3丁目店,松屋,139.608765,35.643612
0000000472,松屋 新橋3丁目店,松屋,139.756836,35.665482
0000000473,松屋 小牧店,松屋,136.906342,35.279819
0000000474,松屋 静岡八幡店,松屋,138.395462,34.969646
0000000475,松屋 豊橋つつじが丘店,松屋,137.397827,34.750576
0000000476,松屋 神戸新開地店（松のや併設）,松屋,135.173080,34.676376
0000000477,松屋 豊田東新町店,松屋,137.121460,35.079945
0000000479,松屋 千石店,松屋,139.743500,35.728458
0000000480,松屋 桑名店,松屋,136.686188,35.063232
0000000481,松屋 四条河原町店,松屋,135.751389,35.009998
0000000482,松屋 小平店,松屋,139.487030,35.736664
0000000483,松屋 菊名店,松屋,139.631729,35.510338
0000000484,松屋 国領店,松屋,139.557465,35.649532
0000000485,松屋 生田店,松屋,139.541931,35.615360
0000000486,松屋 川崎西口店,松屋,139.693527,35.531368
0000000487,松屋 東武霞ヶ関店,松屋,139.443237,35.924984
0000000488,松屋 代々木上原店,松屋,139.680710,35.669727
0000000490,松屋 博多駅前通り店（マイカリー食堂併設）,松屋,130.413864,33.589840
0000000491,松屋 西新店 (マイカリー食堂併設),松屋,130.357803,33.582870
0000000492,松屋 下板橋店,松屋,139.714386,35.745361
0000000494,松屋 東中野店,松屋,139.682648,35.706779
0000000495,松屋 桜橋店,松屋,135.494995,34.698235
0000000498,松屋 東大宮駅前店（マイカリー食堂併設）,松屋,139.641327,35.948750
0000000499,松屋 新宿1丁目店,松屋,139.714264,35.690933
0000000500,松屋 草加清門町店,松屋,139.784073,35.853985
0000000501,松屋 蓮田店,松屋,139.653961,35.981319
0000000502,松屋 京都西院店,松屋,135.731567,35.003311
0000000503,松屋 南津守店,松屋,135.480286,34.626804
0000000505,松屋 鎌ヶ谷店,松屋,140.006119,35.766037
0000000506,松屋 大津通錦店,松屋,136.906311,35.172337
0000000508,松屋 京王つつじヶ丘店,松屋,139.575592,35.658741
0000000509,松屋 朝霞台店,松屋,139.587830,35.815441
0000000511,松屋 成田店 （マイカリー食堂併設）,松屋,140.316635,35.774132
0000000512,松屋 野並店,松屋,136.952377,35.099728
0000000513,松屋 中板橋店 ※2月19日15時より一時閉店、2月26日15時オープン,松屋,139.696884,35.755707
0000000514,松屋 小田原店,松屋,139.158371,35.254391
0000000516,松屋 久米川店（マイカリー食堂併設）,松屋,139.473679,35.749977
0000000517,松屋 亀戸南店,松屋,139.826462,35.696804
0000000518,松屋 ふじみ野駅前店,松屋,139.521988,35.860523
0000000519,松屋 刈谷日高店,松屋,136.993484,35.006084
0000000520,松屋 静岡池田店 （松のや併設）,松屋,138.423569,34.986317
0000000521,松屋 板橋区役所前店,松屋,139.709763,35.751297
0000000522,松屋 千葉幸町店,松屋,140.090805,35.625488
0000000526,松屋 半田店（マイカリー食堂併設）,松屋,136.910065,34.882896
0000000528,松屋 鶴ヶ島店,松屋,139.422653,35.936657
0000000530,松屋 本川越店（松のや併設）,松屋,139.481461,35.913265
0000000531,松屋 江戸川店,松屋,139.877838,35.676090
0000000532,松屋 北綾瀬店（マイカリー食堂併設）,松屋,139.829941,35.776329
0000000533,松屋 小平小川店,松屋,139.465424,35.733852
0000000535,松屋 東久留米下里店（松のや併設）,松屋,139.501312,35.753796
0000000536,松屋 蕨北町店（松のや併設）,松屋,139.672775,35.831238
0000000539,松屋 豊橋藤沢町店,松屋,137.372620,34.745651
0000000540,松屋 岡山駅前店（松のや併設）,松屋,133.921738,34.665321
0000000541,松屋 岡山駅西口店,松屋,133.916916,34.667480
0000000542,松屋 蓮田関山店（松のや併設）,松屋,139.649155,35.989609
0000000544,松屋 沼袋店,松屋,139.663422,35.719242
0000000546,松屋 東大井町店（マイカリー食堂併設）,松屋,139.735474,35.605179
0000000547,松屋 二俣川店,松屋,139.530426,35.465797
0000000548,松屋 谷町九丁目店（松のや併設）,松屋,135.515839,34.666084
0000000552,松屋 伊勢原店,松屋,139.313202,35.394970
0000000553,松屋 天神店,松屋,130.397766,33.592319
0000000554,松屋 沼津店（松のや併設）,松屋,138.863770,35.121006
0000000556,松屋 川越西口店,松屋,139.482651,35.907391
0000000557,松屋 富士ラウンドワン店,松屋,138.692596,35.153088
0000000558,松屋 湘南台店,松屋,139.464401,35.396107
0000000559,松屋 つくば西大通り店（マイカリー食堂併設）,松屋,140.097015,36.095325
0000000560,松屋 武庫川店（マイカリー食堂併設）,松屋,135.385132,34.730743
0000000561,松屋 船橋南口店,松屋,139.985504,35.700726
0000000562,松屋 稲城矢野口店（松のや併設）,松屋,139.521805,35.638615
0000000564,松屋 新杉田店,松屋,139.619049,35.387005
0000000565,松屋 立川柴崎町店（松のや併設）,松屋,139.407669,35.687752
0000000566,松屋 水戸バイパス店,松屋,140.472290,36.345036
0000000569,松屋 東大和清水店 （松のや併設）,松屋,139.442993,35.747231
0000000570,松屋 朝霞店,松屋,139.599396,35.796467
0000000571,松屋 青梅新町店（松のや併設）,松屋,139.320770,35.779625
0000000573,松屋 反町店,松屋,139.624786,35.474937
0000000574,松屋 淵野辺北口店,松屋,139.395737,35.569950
0000000575,松屋 青砥店,松屋,139.855728,35.745491
0000000576,松屋 与野店（松のや併設）,松屋,139.618179,35.878391
0000000577,松屋 高田馬場2丁目店,松屋,139.709656,35.711662
0000000579,松屋 東淀川菅原店,松屋,135.527298,34.738441
0000000580,松屋 東神奈川店,松屋,139.629791,35.482388
0000000582,松屋 布施寿町店（松のや併設）,松屋,135.564316,34.652763
0000000584,松屋 茅ヶ崎店,松屋,139.404480,35.330685
0000000585,松屋 上前津店,松屋,136.906631,35.158466
0000000590,松屋 穴川オーツーパーク店（松のや併設）,松屋,140.119476,35.651718
0000000591,松屋 天神橋六丁目店（松のや併設）,松屋,135.510513,34.711979
0000000592,松屋 土浦真鍋店,松屋,140.199554,36.091419
0000000593,松屋 越谷蒲生店（マイカリー食堂併設）,松屋,139.806717,35.857525
0000000594,松屋 王子1丁目店,松屋,139.740250,35.754906
0000000595,松屋 足立保塚店,松屋,139.810516,35.786991
0000000596,松屋 高坂店,松屋,139.396729,36.002953
0000000597,松屋 石橋駅前店,松屋,135.444489,34.807693
0000000598,松屋 和光白子店（松のや併設）,松屋,139.619568,35.768448
0000000600,松屋 仙台中央店,松屋,140.879593,38.260025
0000000602,松屋 仙台南町通り店,松屋,140.872635,38.257969
0000000604,松屋 野火止店（松のや併設）,松屋,139.555435,35.802914
0000000605,松屋 四谷三丁目店,松屋,139.721054,35.687317
0000000606,松屋 糀谷店（松のや併設）,松屋,139.730240,35.554710
0000000607,松屋 浦和太田窪店（松のや併設）,松屋,139.686646,35.848797
0000000608,松屋 浦和町谷店（松のや併設）,松屋,139.621445,35.859192
0000000609,松屋 仙台鹿島店,松屋,140.909317,38.313744
0000000611,松屋 新潟駅前店,松屋,139.061569,37.914291
0000000612,松屋 大津店,松屋,135.887970,34.987377
0000000615,松屋 沼津南店,松屋,138.878799,35.090801
0000000616,松屋 東住吉湯里店,松屋,135.538391,34.609833
0000000618,松屋 エイトタウン本宮店（松のや併設）,松屋,140.377319,37.486412
0000000619,松屋 本内店（松のや併設）,松屋,140.485413,37.779491
0000000621,松屋 大垣店,松屋,136.622482,35.349609
0000000622,松屋 花園町店,松屋,135.496658,34.645699
0000000623,松屋 仙台定禅寺通り店,松屋,140.868301,38.265781
0000000624,松屋 前橋上小出町店（松のや併設）,松屋,139.061386,36.417343
0000000625,松屋 日立桜川町店,松屋,140.632523,36.559959
0000000626,松屋 四日市堀木店,松屋,136.614700,34.972237
0000000628,松屋 綾瀬店（マイカリー食堂併設）,松屋,139.824524,35.762798
0000000629,松屋 住之江公園店,松屋,135.472855,34.608383
0000000631,松屋 古淵店,松屋,139.419891,35.556034
0000000632,松屋 亀田インター店,松屋,139.075409,37.882877
0000000634,松屋 五個荘店,松屋,136.192123,35.165115
0000000636,松屋 小倉片野店（松のや併設）,松屋,130.881058,33.862392
0000000638,松屋 一宮店（松のや併設）,松屋,136.821991,35.302910
0000000641,松屋 石和店,松屋,138.621017,35.645088
0000000642,松屋 広島矢野店（松のや併設）,松屋,132.533890,34.354198
0000000643,松屋 伊勢崎上泉町店（松のや併設）,松屋,139.192841,36.311401
0000000645,松屋 大泉学園南口店,松屋,139.586395,35.749157
0000000647,松屋 伊勢崎宮子町店（松のや併設）,松屋,139.160797,36.332767
0000000649,松屋 福井御幸店,松屋,136.241684,36.056885
0000000651,松屋 保土ヶ谷店,松屋,139.598785,35.445904
0000000652,松屋 柏崎店（松のや併設）,松屋,138.581268,37.379639
0000000653,松屋 袖ヶ浦店,松屋,139.963882,35.427883
0000000655,松屋 立川北口店,松屋,139.411545,35.698765
0000000657,松屋 館林店（松のや併設）,松屋,139.545074,36.234043
0000000658,松屋 川越インター店（松のや併設）,松屋,139.467224,35.900486
0000000659,松屋 上尾緑丘店（松のや併設）,松屋,139.578690,35.986576
0000000660,松屋 西船橋南店,松屋,139.954269,35.706718
0000000661,松屋 豊山店,松屋,136.908539,35.249382
0000000662,松屋 新潟米山店,松屋,139.055115,37.906536
0000000665,松屋 西新宿8丁目店,松屋,139.692093,35.694820
0000000666,松屋 取手店（松のや併設）,松屋,140.063782,35.895657
0000000667,松屋 五反野店（マイカリー食堂併設）,松屋,139.808319,35.765068
0000000668,松屋 松本駅前店,松屋,137.965347,36.231594
0000000670,松屋 高崎駅前店 （松のや併設）,松屋,139.010086,36.322662
0000000672,松屋 奈良駅前店,松屋,135.819916,34.679043
0000000673,松屋 入間店（松のや併設）,松屋,139.377029,35.809929
0000000674,松屋 新松戸西口店,松屋,139.920609,35.824867
0000000675,松屋 水道橋店,松屋,139.751999,35.701546
0000000676,松屋 盛岡駅前通店,松屋,141.137299,39.702106
0000000677,松屋 富山田中町店（松のや併設）,松屋,137.240982,36.696033
0000000678,松屋 柏中央町店,松屋,139.971085,35.860119
0000000680,松屋 木更津店,松屋,139.944641,35.377056
0000000682,松屋 神戸玉津店（松のや併設）,松屋,134.979736,34.667534
0000000683,松屋 白河店,松屋,140.185898,37.125546
0000000685,松屋 千林大宮店,松屋,135.549271,34.723858
0000000686,松屋 大宮吉野町店（松のや併設）,松屋,139.621658,35.946621
0000000688,松屋 福山東店（松のや併設）,松屋,133.399414,34.496868
0000000691,松屋 大曽根北店,松屋,136.938538,35.199226
0000000692,松屋 周南店（松のや併設）,松屋,131.800629,34.065350
0000000693,松屋 茂原店,松屋,140.287659,35.429733
0000000694,松屋 神戸伊川谷店（マイカリー食堂併設）,松屋,135.015854,34.663826
0000000695,松屋 牛久店,松屋,140.138901,35.983047
0000000696,松屋 小金井関野町店,松屋,139.522003,35.712772
0000000697,松屋 御幸本町店（松のや併設）,松屋,139.927811,36.583652
0000000698,松屋 盛岡大通店,松屋,141.148819,39.702694
0000000699,松屋 仙台八乙女店,松屋,140.879807,38.315083
0000000700,松屋 高崎問屋町店,松屋,139.009064,36.350555
0000000702,松屋 二又瀬店,松屋,130.441727,33.607780
0000000704,松屋 広島紙屋町店,松屋,132.456055,34.394672
0000000705,松屋 大宮奈良町店（松のや併設）,松屋,139.603485,35.941250
0000000706,松屋 琴似店,松屋,141.306824,43.079166
0000000707,松屋 郡山芳賀店,松屋,140.394150,37.389954
0000000709,松屋 彦根店,松屋,136.262741,35.252178
0000000710,松屋 岩出店（マイカリー食堂併設）,松屋,135.328049,34.262417
0000000711,松屋 すすきの店,松屋,141.354202,43.055405
0000000713,松屋 大国町店,松屋,135.497986,34.658764
0000000714,松屋 入間東藤沢店（松のや併設）,松屋,139.418488,35.818073
0000000715,松屋 上野浅草口店,松屋,139.777435,35.712410
0000000716,松屋 山口店（松のや併設）,松屋,131.448593,34.167164
0000000717,松屋 山形深町店（松のや併設）,松屋,140.316376,38.236191
0000000718,松屋 仙台大和町店 （松のや併設）,松屋,140.919571,38.248508
0000000719,松屋 金沢増泉店（松のや併設）,松屋,136.636688,36.559536
0000000720,松屋 高井戸店,松屋,139.615234,35.682659
0000000721,松屋 ひたちなか店,松屋,140.506744,36.398766
0000000723,松屋 浅草国際通店,松屋,139.792709,35.714378
0000000725,松屋 三島店（松のや併設）,松屋,138.914124,35.109024
0000000727,松屋 所沢若狭店,松屋,139.413803,35.803345
0000000728,松屋 山梨竜王店（松のや併設）,松屋,138.519730,35.639263
0000000730,松屋 大宮大成町店,松屋,139.614120,35.919189
0000000731,松屋 太田飯塚町店,松屋,139.377396,36.282017
0000000732,松屋 富山掛尾店（松のや併設）,松屋,137.211197,36.667442
0000000734,松屋 花小金井駅前店,松屋,139.513535,35.727486
0000000735,松屋 浦和所沢バイパス店 （松のや併設）,松屋,139.569977,35.842331
0000000736,松屋 金沢工大前店（松のや併設）,松屋,136.630096,36.528816
0000000737,松屋 青物横丁店,松屋,139.745132,35.611023
0000000739,松屋 長瀬店,松屋,135.577820,34.650497
0000000740,松屋 佐野店（松のや併設）,松屋,139.590912,36.307537
0000000741,松屋 芝大門店,松屋,139.753006,35.656368
0000000742,松屋 北44条店（松のや併設）,松屋,141.344223,43.112820
0000000744,松屋 与野駅前店,松屋,139.638962,35.885288
0000000745,松屋 宇都宮オリオン通店,松屋,139.885025,36.559799
0000000746,松屋 江戸川橋店,松屋,139.731308,35.709991
0000000747,松屋 岡山十日市店,松屋,133.923218,34.637127
0000000748,松屋 南郷通店,松屋,141.414383,43.038841
0000000749,松屋 中洲店,松屋,130.405212,33.593834
0000000750,松屋 大宮桜木町店（松のや併設）,松屋,139.617020,35.907703
0000000751,松屋 三郷店,松屋,139.885025,35.844677
0000000752,松屋 上越藤野店（松のや併設）,松屋,138.247925,37.154011
0000000753,松屋 宇都宮簗瀬町店（松のや併設）,松屋,139.888580,36.543880
0000000755,松屋 川口並木店,松屋,139.708221,35.820358
0000000756,松屋 広島胡町店,松屋,132.466278,34.393097
0000000757,松屋 京成高砂店,松屋,139.867126,35.750366
0000000758,松屋 南浦和店,松屋,139.669800,35.847984
0000000760,松屋 南茨木店,松屋,135.565720,34.801594
0000000761,松屋 長野柳原店（松のや併設）,松屋,138.250534,36.657490
0000000763,松屋 なんさん通り店,松屋,135.503433,34.663277
0000000765,松屋 春日部豊町店 （松のや併設）,松屋,139.736862,35.970985
0000000767,松屋 長久手店,松屋,137.045013,35.171337
0000000768,松屋 浦和田島通店,松屋,139.639023,35.841850
0000000769,松屋 追浜店,松屋,139.627075,35.315990
0000000770,松屋 稲田堤店（マイカリー食堂併設）,松屋,139.533005,35.633999
0000000771,松屋 鶴川店,松屋,139.480591,35.583420
0000000772,松屋 川口駅前店,松屋,139.718155,35.801834
0000000773,松屋 松本高宮店,松屋,137.960312,36.214390
0000000774,松屋 川越城下町店（松のや併設）,松屋,139.491852,35.927338
0000000775,松屋 山形駅前店,松屋,140.330017,38.247868
0000000778,松屋 船橋北口店,松屋,139.985489,35.704334
0000000779,松屋 西小山店,松屋,139.698883,35.615051
0000000782,松屋 和光市駅前店,松屋,139.611343,35.788223
0000000783,松屋 御影店,松屋,135.256470,34.715153
0000000784,松屋 桜台店,松屋,139.662323,35.738338
0000000785,松屋 赤羽西口店,松屋,139.718948,35.778175
0000000786,松屋 金沢示野店（松のや併設）,松屋,136.617020,36.580887
0000000787,松屋 足立江北店,松屋,139.764359,35.778168
0000000788,松屋 植田一本松店（松のや併設）,松屋,136.986130,35.137497
0000000789,松屋 石神井台店 （松のや併設）,松屋,139.585541,35.738510
0000000791,松屋 西新宿3丁目店,松屋,139.690979,35.684460
0000000792,松屋 松戸七畝割店,松屋,139.908081,35.777241
0000000793,松屋 前橋元総社町店（松のや併設）,松屋,139.043472,36.384056
0000000794,松屋 青柳町店,松屋,136.938766,35.159023
0000000795,松屋 福井大和田店,松屋,136.251953,36.095295
0000000797,松屋 上新庄店,松屋,135.533585,34.748341
0000000799,松屋 池袋トキワ通店,松屋,139.709946,35.732990
0000000800,松屋 吉川店,松屋,139.842560,35.877048
0000000801,松屋 大阪野田店,松屋,135.475708,34.690014
0000000802,松屋 戸田駅前店,松屋,139.665710,35.820206
0000000803,松屋 用賀店（マイカリー食堂併設）,松屋,139.634918,35.627003
0000000804,松屋 庄内店,松屋,135.474716,34.749340
0000000805,松屋 船堀店,松屋,139.864594,35.685772
0000000806,松屋 大倉山店（マイカリー食堂併設）,松屋,139.629684,35.521675
0000000807,松屋 飯田橋駅前店,松屋,139.745575,35.701790
0000000808,松屋 大森町店,松屋,139.731171,35.572147
0000000809,松屋 門真店（マイカリー食堂併設）,松屋,135.612747,34.738956
0000000810,松屋 新宿3丁目店,松屋,139.706772,35.691792
0000000811,松屋 御殿場店,松屋,138.921677,35.298431
0000000812,松屋 あざみ野店,松屋,139.552292,35.568481
0000000813,松屋 上飯田店,松屋,136.929489,35.203304
0000000814,松屋 平和島店,松屋,139.734436,35.578655
0000000815,松屋 三鷹店,松屋,139.561127,35.703331
0000000817,松屋 成城学園前店（マイカリー食堂併設）,松屋,139.600098,35.639996
0000000821,松屋 小倉駅前店（松のや併設）,松屋,130.880875,33.886131
0000000823,松屋 南越谷店,松屋,139.791122,35.875626
0000000824,松屋 日暮里店,松屋,139.771805,35.729454
0000000825,松屋 桜新町店,松屋,139.644379,35.631531
0000000826,松屋 落合店,松屋,139.684021,35.710297
0000000827,松屋 参宮橋店,松屋,139.692841,35.678349
0000000828,松屋 幡ヶ谷店,松屋,139.677673,35.677650
0000000829,松屋 瑞江店,松屋,139.898895,35.693054
0000000830,松屋 坂戸店,松屋,139.398651,35.954559
0000000833,松屋 大鳥居店,松屋,139.739487,35.552204
0000000835,松屋 札幌駅前通店,松屋,141.352280,43.063015
0000000837,松屋 渋谷清水橋店,松屋,139.681808,35.688801
0000000838,松屋 平和台店（マイカリー食堂併設）,松屋,139.653259,35.758091
0000000839,松屋 新小岩北口店,松屋,139.857483,35.717785
0000000840,松屋 西中島店,松屋,135.496857,34.728008
0000000841,松屋 大船駅前店,松屋,139.531464,35.351353
0000000842,松屋 南森町駅前店,松屋,135.512131,34.697624
0000000843,松屋 越谷下間久里店（松のや併設）,松屋,139.780869,35.928902
0000000844,松屋 大森北口店,松屋,139.730087,35.589386
0000000845,松屋 東陽町店,松屋,139.816513,35.670238
0000000846,松屋 尼崎潮江店,松屋,135.432114,34.735085
0000000847,松屋 三国店,松屋,135.483841,34.737442
0000000848,松屋 新潟万代シテイ店（松のや併設）,松屋,139.057236,37.916477
0000000849,松屋 天満橋店,松屋,135.516968,34.686863
0000000850,松屋 仙川店,松屋,139.584534,35.661591
0000000852,松屋 阪急高槻市駅前店,松屋,135.622604,34.849224
0000000853,松屋 末広街道店,松屋,140.125748,35.597008
0000000854,松屋 亀有南口店,松屋,139.849152,35.765591
0000000856,松屋 枚方市役所前店,松屋,135.649445,34.814941
0000000857,松屋 南林間店,松屋,139.447281,35.495365
0000000859,松屋 日本橋店,松屋,135.506012,34.667824
0000000860,松屋 川西能勢口店（マイカリー食堂併設）,松屋,135.413696,34.829121
0000000861,松屋 茗荷谷店（マイカリー食堂併設）,松屋,139.737762,35.716976
0000000862,松屋 さがみ野店,松屋,139.428848,35.471260
0000000864,松屋 分倍河原店,松屋,139.470016,35.668934
0000000866,松屋 東伏見店,松屋,139.563904,35.728432
0000000867,松屋 垂水店,松屋,135.054916,34.630203
0000000868,松屋 西葛西店,松屋,139.858887,35.666176
0000000869,松屋 姫路飾磨店,松屋,134.650681,34.797260
0000000870,松屋 南大沢店,松屋,139.380569,35.613667
0000000871,松屋 馬橋店,松屋,139.917999,35.811806
0000000873,松屋 北千住店（マイカリー食堂併設）,松屋,139.803970,35.749725
0000000874,松屋 調布駅前店,松屋,139.544739,35.652508
0000000875,松屋 下石神井店（マイカリー食堂併設）,松屋,139.607391,35.727737
0000000876,松屋 幕張本郷1丁目店,松屋,140.040451,35.672367
0000000878,松屋 六甲道店,松屋,135.239868,34.714371
0000000879,松屋 北習志野店,松屋,140.042648,35.722355
0000000881,松屋 六地蔵店,松屋,135.792999,34.934883
0000000883,松屋 京成小岩店（マイカリー食堂併設）,松屋,139.883865,35.742340
0000000884,松屋 渋谷道玄坂上店,松屋,139.696381,35.657463
0000000885,松屋 北24条店,松屋,141.343903,43.089813
0000000887,松屋 十三東口店,松屋,135.483429,34.719704
0000000888,松屋 春木店,松屋,135.390198,34.479195
0000000889,松屋 南千住店,松屋,139.798203,35.733074
0000000890,松屋 椎名町店,松屋,139.694656,35.726753
0000000891,松屋 尼崎アマドゥ店,松屋,135.398254,34.712391
0000000892,松屋 武蔵小金井店,松屋,139.507294,35.700546
0000000893,松屋 狭山市駅前店,松屋,139.412247,35.858047
0000000894,松屋 今津店,松屋,135.352264,34.730785
0000000895,松屋 京橋片町店,松屋,135.532867,34.696808
0000000896,松屋 池上店,松屋,139.703110,35.572395
0000000897,松屋 外環八尾店（マイカリー食堂併設）,松屋,135.614502,34.595215
0000000899,松屋 阪神西宮店,松屋,135.337784,34.736446
0000000900,松屋 梅ヶ丘店,松屋,139.652618,35.656216
0000000901,松屋 鷹の台店,松屋,139.460785,35.723251
0000000903,松屋 鶴ヶ峰店,松屋,139.547195,35.474747
0000000904,松屋 豊中上津島店,松屋,135.461288,34.758350
0000000905,松屋 赤羽東口店,松屋,139.721573,35.778473
0000000906,松屋 大名1丁目店,松屋,130.396423,33.586193
0000000907,松屋 守口市駅前店,松屋,135.565018,34.735718
0000000908,松屋 玉川学園前店,松屋,139.462769,35.563255
0000000909,松屋 豊島園店,松屋,139.649063,35.742050
0000000910,松屋 西大井店,松屋,139.722458,35.601528
0000000911,松屋 富田店,松屋,135.593735,34.836090
0000000912,松屋 草加西口店,松屋,139.802429,35.828304
0000000913,松屋 田無駅前店,松屋,139.539368,35.727753
0000000914,松屋 旭店,松屋,140.650269,35.724499
0000000915,松屋 東久留米南町店（松のや併設）,松屋,139.526093,35.742802
0000000916,松屋 西町店,松屋,141.290863,43.078487
0000000920,松屋 北赤羽店,松屋,139.703995,35.787418
0000000921,松屋 大久保2丁目店,松屋,139.708023,35.702026
0000000923,松屋 武蔵新田店,松屋,139.692184,35.568272
0000000924,松屋 小田急永山店,松屋,139.448013,35.630100
0000000925,松屋 戸塚店,松屋,139.532776,35.400028
0000000926,松屋 市ヶ谷店,松屋,139.736847,35.691456
0000000927,松屋 北越谷店,松屋,139.779953,35.902355
0000000930,松屋 六本木4丁目店,松屋,139.731812,35.664223
0000000932,松屋 曽根店,松屋,135.472488,34.773621
0000000934,松屋 市原白金通店,松屋,140.106155,35.529091
0000000935,松屋 吉塚店,松屋,130.422699,33.606602
0000000936,松屋 西巣鴨店,松屋,139.728500,35.743614
0000000937,松屋 東住吉中野店,松屋,135.540039,34.621124
0000000938,松屋 東戸塚西口店,松屋,139.555908,35.430546
0000000940,松屋 南砂町店,松屋,139.834167,35.670750
0000000942,松屋 八千代台東口店,松屋,140.091843,35.699997
0000000943,松屋 妙典店,松屋,139.925934,35.692165
0000000944,松屋 播磨町店,松屋,134.868240,34.723808
0000000945,松屋 東大和市駅前店,松屋,139.433685,35.734512
0000000946,松屋 堀切菖蒲園店,松屋,139.826706,35.747265
0000000947,松屋 板橋店,松屋,139.719437,35.747177
0000000952,松屋 淀屋橋店,松屋,135.503128,34.692078
0000000954,松屋 姪浜店（松のや併設）,松屋,130.322540,33.581188
0000000955,松屋 住道店,松屋,135.621567,34.708744
0000000956,松屋 小岩店,松屋,139.880875,35.733971
0000000957,松屋 肥後橋店,松屋,135.496506,34.691578
0000000958,松屋 吹上店,松屋,139.449768,36.110359
0000000959,松屋 武蔵浦和店（マイカリー食堂併設）,松屋,139.646011,35.844322
0000000960,松屋 新座馬場店,松屋,139.574234,35.784260
0000000962,松屋 郡山駅前店,松屋,140.387253,37.398232
0000000963,松屋 神戸三田駅前町店,松屋,135.233841,34.886177
0000000964,松屋 中山店,松屋,139.539032,35.513042
0000000966,松屋 深大寺3丁目店,松屋,139.537643,35.689346
0000000967,松屋 鷺沼店,松屋,139.573151,35.578003
0000000968,松屋 箕面店（マイカリー食堂併設）,松屋,135.458160,34.813271
0000000969,松屋 本所吾妻橋店,松屋,139.804611,35.709038
0000000972,松屋 東新宿店,松屋,139.706818,35.695518
0000000973,松屋 前橋三河町店,松屋,139.081100,36.385082
0000000975,松屋 北本店,松屋,139.527420,36.052490
0000000976,松屋 塩尻店 (松のや併設),松屋,137.958221,36.119106
0000000977,松屋 小松川店,松屋,139.848709,35.699169
0000000978,松屋 大宮南中丸店（松のや併設）,松屋,139.651855,35.916546
0000000979,松屋 新大阪東口店,松屋,135.502792,34.733948
0000000980,松屋 川島店（松のや併設）,松屋,139.466156,35.978947
0000000982,松屋 日野神明店（松のや併設）,松屋,139.394257,35.668430
0000000984,松屋 牛田店,松屋,139.811371,35.744389
0000000985,松屋 久留米通町店,松屋,130.510681,33.318432
0000000986,松屋 里塚店,松屋,141.465286,42.980930
0000000987,松屋 岸里店,松屋,135.493942,34.635220
0000000988,松屋 鳥飼店,松屋,135.585007,34.776760
0000000989,松屋 佐原店,松屋,140.493225,35.899761
0000000990,松屋 東大阪川田店 (松のや併設),松屋,135.617538,34.691708
0000000991,松屋 北野店,松屋,139.353775,35.645424
0000000992,松屋 上溝店（松のや併設）,松屋,139.355515,35.557529
0000000993,松屋 諏訪店,松屋,138.123627,36.018898
0000000995,松屋 浜寺店（松のや併設）,松屋,135.456497,34.542931
0000000996,松屋 梅屋敷店（松のや併設 弁当専門店）,松屋,139.724884,35.567924
0000000997,松屋 都立家政店,松屋,139.643814,35.723469
0000000998,松屋 九品仏店（松のや併設 弁当専門店）,松屋,139.661530,35.605007
0000000999,松屋 所沢上安松店,松屋,139.492905,35.790344
0000001004,松屋 巣鴨店（マイカリー食堂併設）,松屋,139.739487,35.733791
0000001008,松屋 荻窪西口店,松屋,139.619232,35.705299
0000001013,松屋 亀有店,松屋,139.847000,35.766270
0000001107,松屋 西宮名塩SA店,松屋,135.291214,34.840046
0000001109,松屋 岸和田SA（下り線）店,松屋,135.442642,34.410706
0000001202,松のや 西新宿店,松のや,139.698929,35.694458
0000001203,松のや 津田沼南口店 （マイカリー食堂併設）,松のや,140.019516,35.691444
0000001207,松のや 仙台中央店 ※2月24日0時より一時閉店、2月27日15時オープン,松のや,140.879593,38.260025
0000001208,松のや 川口店 ※3月2日0時より一時閉店、3月3日15時オープン,松のや,139.718155,35.801834
0000001209,松のや 町田店,松のや,139.447922,35.541866
0000001213,松のや 練馬店,松のや,139.653580,35.737133
0000001214,松のや 三鷹店,松のや,139.561127,35.703331
0000001215,松のや 大宮店,松のや,139.625198,35.908249
0000001216,松のや 川崎銀座街店,松のや,139.700943,35.531155
0000001219,松のや 中野店,松のや,139.665100,35.709526
0000001220,松のや 松戸店,松のや,139.899124,35.784428
0000001221,松のや 幕張本郷店（マイカリー食堂併設）,松のや,140.040771,35.672615
0000001224,松のや 綾瀬店,松のや,139.823883,35.762310
0000001225,松のや 朝霞台店（マイカリー食堂併設）,松のや,139.587830,35.815441
0000001226,松のや ひばりが丘店（マイカリー食堂併設）,松のや,139.544647,35.752312
0000001228,松のや 天王町店,松のや,139.603745,35.454308
0000001231,松のや 錦糸町店,松のや,139.814331,35.695187
0000001232,松のや 下赤塚店,松のや,139.644318,35.769947
0000001233,松のや 野方店（マイカリー食堂併設）,松のや,139.653000,35.718704
0000001234,松のや 千歳烏山店,松のや,139.602066,35.667278
0000001235,松のや 蕨店 ※3月9日0時より一時閉店、3月10日15時オープン,松のや,139.691483,35.827259
0000001236,松のや 新秋津店,松のや,139.494141,35.777744
0000001237,松のや 菊名店,松のや,139.631790,35.510059
0000001239,松のや 千歳船橋店,松のや,139.624237,35.647713
0000001240,松のや 用賀店,松のや,139.635086,35.627098
0000001242,松のや 勝どき店,松のや,139.775177,35.657402
0000001244,松のや 赤羽店,松のや,139.720749,35.779427
0000001246,松のや 武蔵新城店,松のや,139.629486,35.586849
0000001248,松のや なんさん通り店,松のや,135.503876,34.663250
0000001249,松のや 本蓮沼店,松のや,139.702591,35.768745
0000001250,松のや 茅ヶ崎店（マイカリー食堂併設）,松のや,139.405060,35.330544
0000001251,松のや 下永谷店,松のや,139.560028,35.413025
0000001253,松のや 行徳店（マイカリー食堂併設）,松のや,139.913864,35.682850
0000001254,松のや 武蔵新田店,松のや,139.691940,35.567879
0000001255,松のや 武蔵境店,松のや,139.544083,35.704041
0000001256,松のや 平井店（マイカリー食堂併設）,松のや,139.841843,35.706722
0000001257,松のや 板橋区役所前店,松のや,139.709732,35.751144
0000001258,松のや 上田店 （マイカリー食堂併設）,松のや,138.268478,36.382912
0000001259,松のや 梅田店,松のや,135.500824,34.703560
0000001260,松のや 東新宿店,松のや,139.707535,35.700871
0000001264,松のや 瓢箪山店,松のや,135.634644,34.659828
0000001266,松屋 防府店（松のや併設）,松屋,131.579666,34.055946
0000001267,松のや 石橋店,松のや,135.444855,34.807880
0000001268,松のや 野毛店（マイカリー食堂併設）,松のや,139.628723,35.448391
0000001269,松のや 堂島店,松のや,135.495132,34.696541
0000001270,松のや 新橋店,松のや,139.755051,35.667831
0000001272,松のや 南行徳店,松のや,139.901566,35.673199
0000001273,松のや 本厚木店（マイカリー食堂併設） ※2月24日0時より一時閉店、2月25日15時オープン,松のや,139.364792,35.441109
0000001274,松のや 中野新橋店,松のや,139.674332,35.691841
0000001275,松のや 南森町店 （マイカリー食堂併設）,松のや,135.512466,34.697201
0000001277,松のや 今福鶴見店,松のや,135.560638,34.702187
0000001278,松のや 方南町店,松のや,139.658585,35.683739
0000001279,松のや 草加店（草加駅前）,松のや,139.802948,35.827908
0000001280,松のや 向日町店,松のや,135.712585,34.930458
0000001281,松のや 橋本店（マイカリー食堂併設）,松のや,139.344482,35.596298
0000001282,松のや 武蔵小金井店,松のや,139.506180,35.702122
0000001283,松のや 南越谷店（マイカリー食堂併設）,松のや,139.791122,35.875626
0000001284,松のや 長良町店,松のや,136.872833,35.149002
0000001285,松のや 池田店,松のや,135.431442,34.819111
0000001286,松のや JR尼崎店,松のや,135.430908,34.730923
0000001287,松のや 尼崎店（マイカリー食堂併設）,松のや,135.415695,34.719738
0000001289,松のや 戸塚店,松のや,139.533005,35.399353
0000001290,松のや 北小金店,松のや,139.931442,35.832893
0000001292,松のや 奈良駅前店,松のや,135.820511,34.682159
0000001293,松のや 名谷店（マイカリー食堂併設）,松のや,135.066803,34.648479
0000001294,松のや 四天王寺前夕陽ケ丘店,松のや,135.514221,34.657143
0000001295,松のや 大阪駅前第3ビル店,松のや,135.499878,34.698402
0000001296,松のや 板宿店,松のや,135.134811,34.660210
0000001297,松のや 椥辻店,松のや,135.814407,34.971226
0000001298,松のや 中野坂上店,松のや,139.682022,35.697224
0000001299,松のや 上板橋店,松のや,139.677353,35.763927
0000001306,松軒中華食堂 千歳烏山店,松軒中華食堂,139.600677,35.668083
0000001310,松のや 花園町店,松のや,135.496490,34.646091
0000001311,松のや すすきの店（マイカリー食堂併設）,松のや,141.354202,43.055405
0000001312,松のや 大和高田店,松のや,135.736832,34.495495
0000001313,松のや 堀田店（マイカリー食堂併設）,松のや,136.922089,35.112881
0000001314,松のや 金岡店,松のや,135.522293,34.560619
0000001315,松のや だいどう豊里店（マイカリー食堂併設）,松のや,135.544617,34.743610
0000001316,松のや 長久手店,松のや,137.026794,35.175259
0000001318,松のや 十三店,松のや,135.481949,34.719135
0000001319,松のや 西神南店,松のや,135.028870,34.699017
0000001320,松のや 相模原陽光台店,松のや,139.378326,35.550259
0000001321,松のや 深江橋店（マイカリー食堂併設）,松のや,135.558167,34.679276
0000001322,松のや 武庫之荘店,松のや,135.393158,34.750793
0000001323,松のや 沼袋店（マイカリー食堂併設）,松のや,139.662659,35.720383
0000001324,松のや 札幌駅前通店（マイカリー食堂併設）,松のや,141.352280,43.063015
0000001325,松のや 相模原店（マイカリー食堂併設）,松のや,139.370148,35.580612
0000001328,松のや 松原店,松のや,135.563675,34.571198
0000001330,松のや 清須店（マイカリー食堂併設）,松のや,136.864227,35.199005
0000001331,松のや 名駅西口店,松のや,136.878647,35.172012
0000001332,松屋 仙台扇町店（松のや併設）,松屋,140.948639,38.269547
0000001333,松のや 湘南台店（マイカリー食堂併設）,松のや,139.467239,35.395744
0000001334,松のや 明石店,松のや,134.992477,34.648148
0000001335,松のや 紙屋町店,松のや,132.456070,34.394363
0000001336,松のや 姫島店,松のや,135.458145,34.704903
0000001337,松のや 川越西口店（マイカリー食堂併設）,松のや,139.482010,35.906048
0000001338,松のや 江戸川橋店（マイカリー食堂併設）,松のや,139.731689,35.709476
0000001339,松のや 貝塚店,松のや,135.368164,34.445347
0000001340,松のや 浮間舟渡店（マイカリー食堂併設）,松のや,139.691803,35.792027
0000001341,松のや 姫路野里店,松のや,134.708313,34.837986
0000001342,松のや 京王八王子店（マイカリー食堂併設）,松のや,139.342682,35.658401
0000001343,松のや 魚住店,松のや,134.910721,34.700413
0000001344,松のや 西宮西田町店,松のや,135.338943,34.743645
0000001345,松のや 瀬戸店,松のや,137.064819,35.209175
0000001346,松のや 岩塚本通店（マイカリー食堂併設）,松のや,136.847794,35.158112
0000001347,松屋 周船寺店（松のや併設）,松屋,130.249664,33.574581
0000001348,松のや 相模大野店,松のや,139.435242,35.531738
0000001349,松のや 半田店,松のや,136.915375,34.877296
0000001350,松のや 徳島南昭和町店,松のや,134.555984,34.057812
0000001352,松のや 桂川店,松のや,135.717819,34.967964
0000001353,松のや 中延店,松のや,139.713211,35.605839
0000001354,松のや ル・シーニュ府中店（マイカリー食堂併設）,松のや,139.481461,35.671230
0000001355,松のや 岡山厚生町店,松のや,133.912399,34.656906
0000001356,松のや 茂原店,松のや,140.288239,35.436226
0000001357,松のや 服部店,松のや,135.462769,34.761082
0000001358,松のや つくば東大通り店,松のや,140.109009,36.106293
0000001359,松のや 高槻千代田町店,松のや,135.630875,34.851669
0000001361,松のや 久留米店（上津） ※2月27日15時閉店。ご愛顧ありがとうございました,松のや,130.523956,33.287556
0000001362,松屋 熊本新市街店（松のや併設）,松屋,130.706879,32.798870
0000001364,松のや 鷺沼店（マイカリー食堂併設）,松のや,139.572708,35.579124
0000001365,松のや 富士インター店,松のや,138.670975,35.169285
0000001367,松のや 西川口店（マイカリー食堂併設）,松のや,139.702942,35.814758
0000001368,松屋 干隈店（松のや併設）,松屋,130.348984,33.551651
0000001369,松のや 西東京新町店（マイカリー食堂併設）,松のや,139.538315,35.711662
0000001370,松のや グリーンモール山室店,松のや,137.236237,36.677895
0000001372,松のや 松井山手店,松のや,135.720932,34.833000
0000001374,松のや 西鈴蘭台店,松のや,135.126358,34.721375
0000001375,松屋 雑色店（松のや併設）,松屋,139.714371,35.550468
0000001376,松のや 千鳥橋店（マイカリー食堂併設）,松のや,135.458389,34.685131
0000001377,松のや 青物横丁店（マイカリー食堂併設）,松のや,139.744827,35.610935
0000001378,松のや 長岡天神店,松のや,135.692642,34.925617
0000001379,松のや 和歌山太田店 （マイカリー食堂併設）,松のや,135.196991,34.229351
0000001380,松のや 志染店,松のや,135.007584,34.782158
0000001381,松のや ふじみ野店 （マイカリー食堂併設）,松のや,139.521988,35.860523
0000001382,松のや 松戸新田店,松のや,139.923615,35.792774
0000001384,松のや 高松瓦町店,松のや,134.048981,34.339603
0000001386,松のや 杉田店（マイカリー食堂併設）,松のや,139.618256,35.384266
0000001388,松のや 阪東橋店（マイカリー食堂併設）,松のや,139.624496,35.436867
0000001389,松のや 堺東店（マイカリー食堂併設）,松のや,135.483551,34.574558
0000001390,松のや 上牧店,松のや,135.717545,34.563068
0000001392,松のや 南浦和店（マイカリー食堂併設）,松のや,139.670395,35.848083
0000001393,松屋 鹿児島宇宿店（松のや併設）,松屋,130.539383,31.540071
0000001394,松のや 大和店（マイカリー食堂併設）,松のや,139.460571,35.469612
0000001396,松屋 倉敷玉島店（松のや併設）,松屋,133.680923,34.547497
0000001397,松のや フォーポイント フレックス by シェラトン 横浜駅西店,松のや,139.616333,35.463745
0000001398,松のや 西巣鴨店,松のや,139.728500,35.743614
0000001402,カフェ テラスヴェルト（テラスベルト）三鷹店,カフェ テラスヴェルト,139.561127,35.703331
0000001411,松軒中華食堂 練馬店 ※2月16日15時より一時閉店、3月中旬オープン,松軒中華食堂,139.654312,35.737236
0000001412,松軒中華食堂 調布店,松軒中華食堂,139.544739,35.652508
0000001413,松軒中華食堂 掛川PA（下り線）店,松軒中華食堂,138.034424,34.839108
0000001414,松軒中華食堂 狛江店,松軒中華食堂,139.577637,35.631981
0000001415,松軒中華食堂 豊田店,松軒中華食堂,139.380692,35.660290
0000001431,松軒中華食堂 千歳船橋店,松軒中華食堂,139.623810,35.647633
0000001432,松軒中華食堂 下総中山店,松軒中華食堂,139.943726,35.715298
0000001433,松軒中華食堂 下赤塚店,松軒中華食堂,139.645599,35.770485
0000001434,松軒中華食堂 溝の口店,松軒中華食堂,139.614410,35.600990
0000001435,松太郎 新宿小滝橋通り店,松太郎,139.697693,35.697254
0000001450,麦のトリコ 元住吉店,麦のトリコ,139.654861,35.564274
0000001504,マイカリー食堂 三鷹店,マイカリー食堂,139.560425,35.703812
0000001506,マイカリー食堂 板橋本町店,マイカリー食堂,139.705185,35.761734
0000001508,マイカリー食堂 上野店,マイカリー食堂,139.778336,35.713009
0000001509,松のや 赤坂店（マイカリー食堂併設）,松のや,139.734833,35.670437
0000001511,マイカリー食堂 高田馬場店,マイカリー食堂,139.705582,35.712814
0000001515,松のや 豊田店 （マイカリー食堂併設）,松のや,139.380692,35.660290
0000001551,ステーキ定食 松牛 三鷹店,ステーキ定食 松牛,139.559998,35.703541
0000001552,ステーキ屋松 下北沢店,ステーキ屋松,139.667450,35.659477
0000001553,ステーキ屋松 吉祥寺店,ステーキ屋松,139.577606,35.705708
0000001554,ステーキ屋松 国分寺店,ステーキ屋松,139.480042,35.699326
0000001555,ステーキ屋松 明大前店,ステーキ屋松,139.650681,35.668678
0000001556,ステーキ屋松 本郷三丁目店,ステーキ屋松,139.760376,35.707878
0000001557,ステーキ屋松 新杉田店,ステーキ屋松,139.619049,35.387005
0000001558,ステーキ定食 松牛 上大岡店,ステーキ定食 松牛,139.595581,35.406437
0000001559,ステーキ定食 松牛 八王子店,ステーキ定食 松牛,139.339966,35.657696
0000001601,すし松 蒲田1号店,すし松,139.717087,35.562225
0000001615,福松 三鷹店,福松,139.561127,35.703331
0000001618,すし松 大宮店,すし松,139.625198,35.908249
0000001622,すし松 川口店,すし松,139.718094,35.803608
0000001623,すし松 西荻窪店,すし松,139.600433,35.704166
0000001624,すし松 練馬店,すし松,139.654312,35.737236
0000001626,すし松 三芳PA（上り線）店,すし松,139.529984,36.026661
0000001627,すし松 エキア プレミエ 和光市駅店,すし松,139.612030,35.788288
0000001628,すし松 青物横丁店,すし松,139.744217,35.610790
0000001629,松のや 鶴見東口店,松のや,139.677551,35.508232
0000001630,すし松 聖蹟桜ヶ丘店,すし松,139.448578,35.650848
0000001631,すし松 王子店,すし松,139.737015,35.755238
0000001632,すし松 本厚木店,すし松,139.364731,35.440052
0000001633,すし松 江坂店,すし松,135.495041,34.758183
0000001634,すし松 石神井公園店,すし松,139.607178,35.743038
0000001635,すし松 吉祥寺南店,すし松,139.578949,35.702065
0000001636,すし松 綾瀬店,すし松,139.824524,35.762798
0000001637,すし松 東新宿店,すし松,139.707779,35.698322
0000001638,すし松 本八幡南口店,すし松,139.926086,35.719543
0000001639,すし松 ヤオコー川口SKIPシティ店,すし松,139.720428,35.829704
0000001641,すし松 松戸五香店,すし松,139.963669,35.795704
0000001642,すし松 枚方市駅前店,すし松,135.648575,34.816792
0000001652,松屋 清瀬店（松のや・マイカリー食堂併設）,松屋,139.519409,35.771439
0000001654,トゥックントゥックン 羽村店,トゥックントゥックン,139.317490,35.758839
0000001655,トゥックントゥックン 青梅今寺店 ※3月2日15時閉店。ご愛顧ありがとうございました,トゥックントゥックン,139.296890,35.797424
0000001701,松屋 穴生店（松のや併設）,松屋,130.743073,33.858818
0000001702,松屋 三木店,松屋,135.001068,34.782307
0000001703,松屋 豊明店（松のや併設）,松屋,137.014374,35.055794
0000001704,松屋 桶川店,松屋,139.562500,36.010822
0000001705,松屋 蟹江店（松のや併設）,松屋,136.780258,35.135628
0000001706,松屋 八千代台西口店（松のや併設）,松屋,140.089890,35.701817
0000001707,松屋 買物公園通店,松屋,142.360641,43.766754
0000001708,松屋 大宮深作店,松屋,139.662231,35.954918
0000001709,松屋 甲府荒川店,松屋,138.540573,35.675232
0000001710,松屋 萱島店,松屋,135.610519,34.746967
0000001711,松屋 京成立石店,松屋,139.849289,35.738194
0000001712,松屋 森孝店（松のや併設）,松屋,137.009048,35.191612
0000001713,松屋 小田急相模原西口店,松屋,139.420364,35.515621
0000001714,松屋 長居店,松屋,135.510757,34.609482
0000001715,松屋 廿日市店,松屋,132.325974,34.345535
0000001716,松屋 下関稗田店 ※3月10日15時より一時閉店、3月18日15時オープン,松屋,130.926163,33.994724
0000001717,松屋 手稲前田店 （松のや併設）,松屋,141.248123,43.128895
0000001718,松屋 瓢箪山駅前店,松屋,135.640121,34.662159
0000001720,松屋 富山婦中店（松のや併設）,松屋,137.175140,36.663460
0000001721,松屋 千里丘店（松のや併設）,松屋,135.543365,34.787918
0000001722,松屋 朝霞東口店,松屋,139.600769,35.797577
0000001723,松屋 川崎京町店 （松のや併設）,松屋,139.695251,35.516888
0000001724,松屋 和歌山向店,松屋,135.144196,34.255646
0000001725,松屋 青梅河辺町店（松のや併設）,松屋,139.291595,35.784126
0000001726,松屋 新潟女池店,松屋,139.039108,37.891880
0000001727,松屋 四谷2丁目店,松屋,139.725372,35.687504
0000001728,松屋 勝どき店,松屋,139.778107,35.658646
0000001729,松屋 甲府国母店（松のや併設）,松屋,138.550522,35.625343
0000001731,松屋 佐久店（松のや併設）,松屋,138.482651,36.284023
0000001732,松屋 麻溝台店,松屋,139.401855,35.537418
0000001733,松屋 江南店,松屋,136.872543,35.347397
0000001734,松屋 盛岡アイーナ店,松屋,141.133530,39.701973
0000001735,松屋 福山花園店,松屋,133.373138,34.481155
0000001736,松屋 日野三沢店,松屋,139.421097,35.659542
0000001737,松屋 放出店,松屋,135.565521,34.688370
0000001738,松屋 静岡七ツ新屋店,松屋,138.454315,35.013065
0000001740,松屋 広島千田店,松屋,132.457779,34.378349
0000001742,松屋 韮崎店,松屋,138.453430,35.712265
0000001743,松屋 西川口西口店,松屋,139.703156,35.814903
0000001745,松屋 深谷市役所前店（松のや併設）,松屋,139.280106,36.196644
0000001746,松屋 大泉学園町店（松のや併設）,松屋,139.586243,35.773830
0000001747,松屋 篠原橋通店（マイカリー食堂併設）,松屋,136.866959,35.140427
0000001750,松屋 長野鶴賀七瀬店（マイカリー食堂併設）,松屋,138.196487,36.641857
0000001751,松屋 宇部店（松のや併設）,松屋,131.246078,33.962204
0000001752,松屋 長岡堺東町店,松屋,138.813477,37.458271
0000001753,松屋 神栖店,松屋,140.647461,35.896011
0000001754,松屋 立会川店,松屋,139.739014,35.597878
0000001755,松屋 仙台五橋店,松屋,140.881805,38.251289
0000001756,松屋 国分寺西元町店,松屋,139.467743,35.693024
0000001757,松屋 海南店,松屋,135.202530,34.158085
0000001758,松屋 川口栄町店,松屋,139.720413,35.802422
0000001759,松屋 神田南口店,松屋,139.770920,35.690876
0000001760,松屋 西蒲田店,松屋,139.714478,35.559704
0000001762,松屋 向原店,松屋,139.723404,35.729603
0000001763,松屋 高崎下之城店,松屋,139.030014,36.311447
0000001764,松屋 山梨昭和店（松のや併設）,松屋,138.522202,35.622814
0000001765,松屋 上尾東口店,松屋,139.589981,35.974308
0000001767,松屋 寒川倉見店（松のや併設）,松屋,139.381439,35.397331
0000001768,松屋 小田原酒匂店（松のや併設）,松屋,139.183945,35.264965
0000001769,松屋 溝の口南口店,松屋,139.610458,35.597900
0000001770,松屋 深江橋店,松屋,135.557785,34.675575
0000001771,松屋 富山下赤江店,松屋,137.233215,36.716354
0000001772,松屋 八尾本町店,松屋,135.598862,34.627979
0000001773,松屋 大東御供田店,松屋,135.629532,34.703205
0000001774,松屋 狭山根岸店,松屋,139.381882,35.854519
0000001775,松屋 大牟田店,松屋,130.438004,33.005402
0000001776,松屋 奈良三条大路店（松のや併設）,松屋,135.796402,34.681896
0000001779,松屋 麻布台1丁目店,松屋,139.742020,35.659966
0000001781,松屋 篠崎店,松屋,139.903595,35.705040
0000001782,松屋 上田秋和店,松屋,138.231766,36.411301
0000001783,松屋 厚木戸田店,松屋,139.360764,35.403912
0000001784,松屋 池上3丁目店,松屋,139.700150,35.577599
0000001786,松屋 富士吉田店,松屋,138.783386,35.479855
0000001787,松屋 桂店,松屋,135.686096,34.974060
0000001788,松屋 中の島店（松のや併設）,松屋,141.358932,43.028923
0000001789,松屋 松戸松飛台店,松屋,139.967209,35.784313
0000001790,松屋 八街店（松のや併設）,松屋,140.319519,35.663921
0000001791,松屋 亀岡店,松屋,135.576599,35.009212
0000001792,松屋 春日井南下原町店,松屋,136.975357,35.271481
0000001793,松屋 浜松高竜店（マイカリー食堂併設）,松屋,137.738113,34.698948
0000001794,松屋 郡山コスモス通店（松のや併設）,松屋,140.332825,37.395611
0000001795,松屋 東松山上野本店（松のや併設）,松屋,139.405731,36.025391
0000001796,松屋 北方町店（松のや併設）,松屋,136.690262,35.412106
0000001797,松屋 徳島常三島店,松屋,134.561737,34.082436
0000001798,松屋 仙台中野栄店（松のや併設）,松屋,140.982590,38.279194
0000001799,松屋 岐阜則武店（松のや併設）,松屋,136.739136,35.443966
0000001801,松屋 座間立野台店,松屋,139.411728,35.480301
0000001802,松屋 行徳南店,松屋,139.916245,35.681389
0000001804,松屋 神戸新在家店,松屋,135.241455,34.710964
0000001805,松屋 松山大街道店,松屋,132.770004,33.839588
0000001806,松屋 布田店,松屋,139.549927,35.651215
0000001807,松屋 相模原中央店,松屋,139.368835,35.572998
0000001808,松屋 かすみがうら店,松屋,140.223602,36.132942
0000001810,松屋 津南店 （松のや併設）,松屋,136.490982,34.669262
0000001811,松屋 朝霞膝折店（マイカリー食堂併設）,松屋,139.581131,35.791954
0000001813,松屋 東広島西条店,松屋,132.728241,34.434826
0000001817,松屋 立命館大前店,松屋,135.730911,35.033138
0000001820,松屋 東御店,松屋,138.349808,36.352306
0000001821,松屋 つくば東大通店,松屋,140.107590,36.109161
0000001823,松屋 梅田神山町店,松屋,135.505310,34.702522
0000001824,松屋 たつの店,松屋,134.553253,34.852509
0000001826,松屋 福生志茂店,松屋,139.328247,35.736141
0000001827,松屋 西日暮里店,松屋,139.767456,35.732250
0000001828,松屋 恵比寿西店,松屋,139.707748,35.646515
0000001829,松屋 春日店,松屋,139.751541,35.710884
0000001830,松屋 桜川店（松のや併設）,松屋,135.487396,34.668224
0000001831,松屋 東池袋グリーン大通店（マイカリー食堂併設）,松屋,139.716629,35.728603
0000001832,松屋 丸亀柞原店,松屋,133.803619,34.268440
0000001833,松屋 松山枝松店,松屋,132.785522,33.828003
0000001834,松屋 瀬戸店,松屋,137.071152,35.219311
0000001835,松屋 喜多見店,松屋,139.588181,35.637241
0000001836,松屋 鈴鹿中央通店（松のや併設）,松屋,136.546509,34.874432
0000001837,松屋 東寺店,松屋,135.751846,34.979237
0000001838,松屋 箕輪町店,松屋,137.987381,35.888054
0000001839,松屋 富士宮店,松屋,138.619614,35.241756
0000001840,松屋 大和渋谷店,松屋,139.462326,35.436512
0000001841,松屋 蓮根店,松屋,139.678680,35.783775
0000001843,松屋 御崎店,松屋,135.480774,34.602699
0000001844,松屋 平塚北金目店,松屋,139.285385,35.367111
0000001846,松屋 上山店,松屋,140.289673,38.151443
0000001847,松屋 笠寺店（松のや併設）,松屋,136.927399,35.098450
0000001848,松屋 飯能双柳店,松屋,139.335678,35.847439
0000001849,松屋 押上店,松屋,139.814270,35.710464
0000001850,松屋 新潟豊栄店,松屋,139.219604,37.929630
0000001852,松屋 宝塚安倉店（マイカリー食堂併設）,松屋,135.374451,34.795296
0000001853,松屋 井土ヶ谷店,松屋,139.601028,35.433632
0000001854,松屋 所沢北原店（マイカリー食堂併設）,松屋,139.479736,35.810730
0000001855,松屋 高松木太店,松屋,134.080887,34.320930
0000001856,松屋 松山石井店,松屋,132.779358,33.811287
0000001857,松屋 茅ヶ崎赤松町店（松のや併設）,松屋,139.438370,35.341702
0000001858,松屋 松山萱町店（松のや併設）,松屋,132.757690,33.853046
0000001859,松屋 清瀬野塩店（マイカリー食堂併設）,松屋,139.504272,35.775166
0000001860,松屋 相模大野店,松屋,139.435242,35.531738
0000001861,松屋 加古川平岡町店（マイカリー食堂併設）,松屋,134.853775,34.736126
0000001862,松屋 森ノ宮店,松屋,135.533585,34.680313
0000001863,松屋 矢向店,松屋,139.680222,35.538960
0000001864,松屋 四条大宮駅前店,松屋,135.747346,35.003433
0000001865,松屋 加古川野口町店,松屋,134.850266,34.757442
0000001866,松屋 上福岡店,松屋,139.513062,35.873348
0000001867,松屋 港南台店,松屋,139.576279,35.374939
0000001869,松屋 京急久里浜店,松屋,139.702408,35.230148
0000001871,松屋 方南町駅前店,松屋,139.658890,35.683632
0000001872,松屋 平井駅前店,松屋,139.843536,35.706150
0000001873,松屋 JR尼崎店,松屋,135.430908,34.730923
0000001874,松屋 大口店,松屋,139.645218,35.491753
0000001875,松屋 東戸塚東口店,松屋,139.557587,35.431320
0000001878,松屋 十三西口店,松屋,135.481934,34.719788
0000001879,松屋 府中店,松屋,139.478851,35.670685
0000001880,松屋 徳島駅前店,松屋,134.549835,34.074863
0000001881,松屋 神松寺店,松屋,130.377777,33.558346
0000001882,松屋 北千住東口店,松屋,139.807312,35.749424
0000001883,松屋 竹ノ塚店,松屋,139.793625,35.794338
0000001884,松屋 金沢神谷内店（松のや併設）,松屋,136.680298,36.599373
0000001885,松屋 浮間舟渡駅前店,松屋,139.692368,35.791641
0000001886,松屋 堺東銀座街店,松屋,135.482971,34.575203
0000001888,松屋 東中野2丁目店（松のや併設 弁当専門店）,松屋,139.681274,35.700966
0000001889,松屋 伊勢佐木町2丁目店,松屋,139.630920,35.443233
0000001890,松屋 金沢昌永町店,松屋,136.656662,36.580635
0000001892,松屋 中崎町店,松屋,135.506165,34.707340
0000001893,松屋 糸島店,松屋,130.174286,33.546864
0000001894,松屋 若江岩田店,松屋,135.607468,34.662670
0000001896,松屋 鶴間店,松屋,139.450623,35.489902
0000001898,松屋 中野駅前店,松屋,139.665314,35.707317
0000001899,松屋 河内山本店,松屋,135.620361,34.628296
0000001900,松屋 フォーポイント フレックス by シェラトン 神戸三宮店,松屋,135.194122,34.699242
0000001901,松屋 西新宿タワー60店（マイカリー食堂併設）,松屋,139.687057,35.693737
0000001902,松屋 国分寺北口店,松屋,139.481033,35.700459
0000001903,松屋 徳島鮎喰店（松のや併設）,松屋,134.503632,34.072533
0000001904,松屋 和泉中央駅店,松屋,135.456863,34.460056
0000001905,松屋 蕨西口店,松屋,139.692703,35.825672
0000001906,松屋 新潟見附店（松のや併設）,松屋,138.888214,37.542023
0000001907,松屋 新中野鍋屋横丁店（マイカリー食堂併設）,松屋,139.670670,35.697132
0000001908,松屋 京葉市川PA（下り線）店,松屋,139.933411,35.708004
0000001909,松屋 白鳥PA（下り線）店,松屋,134.625824,34.892151
0000001910,松屋 奥屋PA（上り線）店,松屋,132.615402,34.459637
0000001911,松屋 鈴蘭台店,松屋,135.146561,34.724472
0000001912,松屋 草加東口店,松屋,139.805176,35.828342
0000001913,松屋 サテライト安城店,松屋,137.078522,34.979858
0000001914,松屋 浜松高林店（松のや併設）,松屋,137.732925,34.730217
0000001915,松屋 高島平駅前店,松屋,139.660370,35.789417
0000001916,松屋 福岡箱崎店（マイカリー食堂併設）,松屋,130.414215,33.614487
0000001919,松屋 香里園駅前店,松屋,135.630554,34.784267
0000001920,松屋 南草津店（松のや併設）,松屋,135.953018,35.004944
0000001921,松屋 新横浜店,松屋,139.614792,35.507767
0000001922,松屋 権現湖PA（上り線）店,松屋,134.880981,34.836643
0000001924,松屋 高松兵庫町店,松屋,134.049911,34.346279
0000001925,松屋 四条烏丸店,松屋,135.759583,34.992943
0000001926,松屋 栄三丁目店,松屋,136.905869,35.166573
0000001928,松屋 酒々井PA（下り線）店,松屋,140.278961,35.712757
0000001930,松屋 藤が丘店,松屋,137.021622,35.182888
0000001931,松屋 うるま石川店 （松のや併設）,松屋,127.827560,26.428650
0000001932,松屋 飯田橋東口店,松屋,139.744385,35.702866
0000001933,松屋 博多駅南店（マイカリー食堂併設）,松屋,130.423233,33.586971
0000001934,松屋 KOKO HOTEL広島駅前店,松屋,132.472626,34.394096
0000001936,松屋 都島毛馬店,松屋,135.523117,34.719704
0000001937,松屋 梶が谷店（マイカリー食堂併設）,松屋,139.605255,35.594940
0000001938,松屋 掛川PA（下り線）店,松屋,138.034424,34.839108
0000001940,松屋 新井薬師前店（マイカリー食堂併設）,松屋,139.671753,35.715549
0000001941,松屋 豊田店,松屋,139.380692,35.660290
0000001942,松屋 倉敷水島店（松のや併設）,松屋,133.753326,34.523533
0000001943,松屋 大分駅前店（松のや併設）,松屋,131.607254,33.235275
0000001944,松屋 浦和仲町店（松のや併設）,松屋,139.655411,35.860027
0000001945,松屋 甲賀水口店（松のや併設）,松屋,136.167984,34.976856
0000001946,松屋 成田空港第3ターミナル店,松屋,140.389755,35.777962
0000001947,松屋 姫路大手前通店,松屋,134.691422,34.829659
0000001948,松屋 姫路花田店,松屋,134.722839,34.825081
0000001950,松屋 浅草橋南店 （マイカリー食堂併設）,松屋,139.784775,35.695541
0000001951,松屋 青葉台駅前店,松屋,139.516144,35.543938
0000001953,松屋 幕張インター店（松のや・マイカリー食堂併設）,松屋,140.031311,35.671215
0000001954,松屋 東長崎駅前店,松屋,139.682907,35.729874
0000001955,松屋 豊洲IHIビル店（マイカリー食堂併設）,松屋,139.792511,35.659210
0000001956,松屋 入場店（松のや併設）,松屋,136.854095,35.113667
0000001957,松屋 金沢八景店 （マイカリー食堂併設）,松屋,139.621124,35.331432
0000001958,松屋 越前千福店（松のや併設）,松屋,136.154785,35.889282
0000001959,松屋 中目黒青葉台2丁目店,松屋,139.693665,35.648090
0000001960,松屋 平針店（松のや・マイカリー食堂併設）,松屋,137.007950,35.123199
0000001962,松屋 岡山下中野店（マイカリー食堂併設）,松屋,133.903931,34.639603
0000001963,松屋 天理店（松のや併設）,松屋,135.837112,34.595650
0000001964,松屋 江坂駅前店,松屋,135.495331,34.758724
0000001965,松屋 新柏店（松のや併設）,松屋,139.978470,35.844341
0000001966,松屋 北谷美浜店 （松のや併設）,松屋,127.760162,26.315685
0000001967,松屋 川崎砂子店（マイカリー食堂併設）,松屋,139.700012,35.528725
0000001968,松屋 蒲田西口店（マイカリー食堂併設）,松屋,139.716171,35.563904
0000001969,松屋 武蔵小杉北口店（マイカリー食堂併設）,松屋,139.660126,35.577480
0000001970,松屋 府中本町店（マイカリー食堂併設）,松屋,139.476944,35.667030
0000001971,松屋 日本平PA（下り線）店,松屋,138.441437,34.985950
0000001972,松屋 徳島南矢三店（松のや併設）,松屋,134.521576,34.084621
0000001973,松屋 福井若杉店（松のや併設）,松屋,136.192230,36.058727
0000001974,松屋 七塚原SA（上り線）店,松屋,132.955154,34.830692
0000001976,松屋 七塚原SA（下り線）店,松屋,132.955154,34.830692
0000001978,松屋 松阪大黒田店（松のや併設）,松屋,136.527298,34.562935
0000001979,松屋 東久留米店（マイカリー食堂併設）,松屋,139.533646,35.761223
0000001980,松屋 中野島店（マイカリー食堂併設）,松屋,139.548767,35.629375
0000001981,松屋 海老名河原口店（松のや併設）,松屋,139.381165,35.450459
0000001982,松屋 名駅西店（マイカリー食堂併設）,松屋,136.878967,35.174637
0000001983,松屋 国立店（マイカリー食堂併設）,松屋,139.444534,35.698486
0000001984,松屋 和歌山加納店（松のや併設）,松屋,135.204483,34.245537
0000001985,松屋 忍ヶ丘駅前店（松のや併設）,松屋,135.645264,34.744587
0000001986,松屋 日田店（松のや併設）,松屋,130.923386,33.323116
0000001987,松屋 東郷PA（上り線）店,松屋,137.082809,35.130009
0000001988,松屋 東郷PA（下り線）店,松屋,137.082870,35.127487
0000001989,松屋 花輪SA（上り線）店,松屋,140.802200,40.184128
0000001991,松屋 うるま赤道店（松のや併設）,松屋,127.830795,26.354914
0000001992,松屋 姶良加治木店（松のや併設）,松屋,130.644135,31.734589
0000001993,松屋 市が尾店（松のや併設）,松屋,139.541519,35.550644
0000001994,松屋 国分寺南口店（マイカリー食堂併設）,松屋,139.480148,35.699131
0000002011,松屋 大分大在店（松のや併設）,松屋,131.712585,33.245731
0000002012,松屋 弘前高田店（松のや併設）,松屋,140.501724,40.596802
0000002013,松屋 行橋中央店（松のや併設）,松屋,130.977417,33.725998
0000002014,松屋 磯子店,松屋,139.617416,35.400681
0000002015,松屋 豊中熊野町店（松のや併設）,松屋,135.478470,34.786987
0000002016,松屋 広島三原店（松のや併設）,松屋,133.067062,34.393757
0000002017,松屋 要町店（マイカリー食堂併設）,松屋,139.698227,35.733868
0000002018,松屋 上大岡駅前店,松屋,139.595383,35.408653
0000002019,松屋 花輪SA（下り線）店,松屋,140.803909,40.186878
0000002021,松屋 保土ヶ谷PA（下り線）店,松屋,139.594589,35.482964
0000002023,松屋 新発田店（松のや併設）,松屋,139.324844,37.963379
0000002024,松屋 高松松島店（松のや併設）,松屋,134.070374,34.338470
0000002025,松屋 堺大野芝店（松のや併設）,松屋,135.517014,34.536095
0000002026,松屋 瀬谷店（松のや併設）,松屋,139.483963,35.471012
0000002027,松屋 春日PA（上り線）店,松屋,141.010315,38.348877
0000002028,松屋 春日PA（下り線）店,松屋,141.007721,38.348885
0000002029,松屋 大正千島店（松のや併設）,松屋,135.471710,34.651672
0000002030,松屋 水戸東原店（松のや併設）,松屋,140.446304,36.383904
0000002031,松屋 藤井寺駅前店（松のや併設）,松屋,135.594620,34.571339
0000002032,松屋 岡町店,松屋,135.464859,34.779377
0000002033,松屋 越谷店（松のや併設）,松屋,139.786575,35.888966
0000002034,松屋 山口平川店（松のや併設）,松屋,131.456726,34.143944
0000002035,松屋 葛西長島陸橋店（マイカリー食堂併設）,松屋,139.873474,35.665817
0000002036,松屋 川崎大師店（松のや併設）,松屋,139.727020,35.535110
0000002037,松屋 八尾南太子堂店（松のや併設）,松屋,135.584213,34.613605
0000002038,松屋 須賀川店（松のや併設）,松屋,140.367264,37.297417
0000002039,松屋 一関店（松のや併設）,松屋,141.119629,38.936710
0000002040,松屋 北九州高須東店（松のや併設）,松屋,130.690094,33.889854
0000002041,松屋 都城店（松のや併設）,松屋,131.069092,31.735126
0000002042,松屋 伊吹PA（上り線）店,松屋,136.398788,35.334671
0000002043,松屋 尼崎武庫の里店（松のや併設）,松屋,135.385437,34.759636
0000002044,松屋 堺美原店（松のや併設）,松屋,135.558380,34.542019
0000002045,松屋 高崎南大類店（松のや併設）,松屋,139.040894,36.321503
0000002046,松屋 吹田店（松のや併設）,松屋,135.526657,34.762691
0000002047,松屋 高石店（松のや併設）,松屋,135.442108,34.516151
0000002048,松屋 新琴似店（松のや併設）,松屋,141.333176,43.107800
0000002049,松屋 直方PA（上り線）店,松屋,130.704239,33.780109
0000002050,松屋 鞍手PA（下り線）店,松屋,130.691025,33.775070
0000002051,松屋 丸亀中府店（松のや・マイカリー食堂併設）,松屋,133.796417,34.279064
0000002052,松屋 守口佐太中町店（松のや併設）,松屋,135.592453,34.762398
0000002053,松屋 鹿児島新栄店（松のや・マイカリー食堂併設）,松屋,130.542938,31.548510
0000002054,松屋 アクロスプラザ盛岡店（松のや併設）,松屋,141.161301,39.659489
0000002055,松屋 三重川越町店（松のや・マイカリー食堂併設）,松屋,136.664078,35.015450
0000002056,松屋 黒部店（松のや併設）,松屋,137.475586,36.885090
0000002057,松屋 中津店（松のや併設）,松屋,131.184845,33.589581
0000002058,松屋 相模原相原店（松のや併設）,松屋,139.315643,35.598137
0000002059,松屋 神戸有野店（松のや併設）,松屋,135.225449,34.825317
0000002060,松屋 那珂川店（松のや併設）,松屋,130.413010,33.521824
0000002061,松屋 恵庭店（松のや併設）,松屋,141.569016,42.889439
0000002062,松屋 茨城東海店（松のや併設）,松屋,140.568954,36.469395
0000002063,松屋 松戸古ヶ崎店（松のや併設）,松屋,139.896179,35.795441
0000002064,松屋 酒田店（松のや併設）,松屋,139.858261,38.921818
0000002065,松屋 鶴岡店（松のや併設）,松屋,139.814972,38.735733
0000002066,松屋 新潟大学前店（松のや併設）,松屋,138.949112,37.868809
0000002067,松屋 水戸河和田店（松のや併設）,松屋,140.408478,36.376652
0000002068,松屋 草加松江店（マイカリー食堂併設）,松屋,139.819626,35.834545
0000002069,松屋 明大前店（松のや・マイカリー食堂併設）,松屋,139.650681,35.668678
0000002070,松屋 延岡店（松のや併設）,松屋,131.683762,32.572319
0000002071,松屋 tekute長町店（マイカリー食堂併設）,松屋,140.885315,38.227646
0000002072,松屋 住吉店（松のや併設）,松屋,139.814743,35.688847
0000002073,松屋 常陸太田店（松のや併設）,松屋,140.528809,36.541340
0000002074,松屋 有田インター店（松のや併設）,松屋,135.203293,34.059383
0000002075,松屋 高知朝倉店（松のや・マイカリー食堂併設）,松屋,133.500244,33.544022
0000002076,松屋 浜松初生町店（松のや併設）,松屋,137.719299,34.765617
0000002077,松屋 王子神谷店（松のや・マイカリー食堂併設）,松屋,139.735916,35.765156
0000002078,松屋 水天宮店,松屋,139.783554,35.683201
0000002079,松屋 狛江店（松のや併設）,松屋,139.577545,35.631618
0000002080,松屋 中河原店（松のや併設 弁当専門店）,松屋,139.457840,35.659245
0000002081,松屋 八戸城下店（松のや併設）,松屋,141.494293,40.520229
0000002082,松屋 広島西原店（松のや併設）,松屋,132.469528,34.446648
0000002083,松屋 旭川大町店（松のや併設）,松屋,142.360962,43.784519
0000002084,松屋 朝霞泉水店（松のや併設）,松屋,139.576645,35.802498
0000002085,松屋 坂戸にっさい店（松のや併設）,松屋,139.375534,35.968651
0000002086,松屋 南国店（松のや併設）,松屋,133.624756,33.569798
0000002087,松屋 泉大津店（松のや併設）,松屋,135.410751,34.495438
0000002088,松屋 相模原ラクーン店（松のや併設）,松屋,139.362762,35.583977
0000002089,松屋 西武柳沢店（松のや併設 弁当専門店）,松屋,139.552704,35.728340
0000002090,松屋 佐賀大財店（松のや併設）,松屋,130.303345,33.262051
0000002091,松屋 蒲郡店（松のや併設）,松屋,137.218399,34.826302
0000002092,松屋 新潟大形店（松のや併設）,松屋,139.107697,37.924603
0000002093,松屋 そよら古川橋駅前店（松のや併設）,松屋,135.591568,34.738552
0000002094,松屋 三郷戸ヶ崎店（松のや併設）,松屋,139.867172,35.798840
0000002095,松屋 古川店（松のや併設）,松屋,140.956863,38.564980
0000002096,松屋 小山店 （松のや併設）,松屋,139.818619,36.298309
0000002097,松屋 渋谷桜丘店（マイカリー食堂併設）,松屋,139.702011,35.657001
0000002098,松屋 野田店（松のや併設）,松屋,139.871536,35.955715
0000002099,松屋 米沢店（松のや併設）,松屋,140.114914,37.921738
0000002100,松屋 音更店（松のや併設）,松屋,143.204834,42.951416
0000002101,松屋 フェニックスガーデンうきのじょう店（松のや併設）,松屋,131.436707,31.926636
0000002102,松屋 日本坂PA（上り線）店,松屋,138.318924,34.890095
0000002103,松屋 上越高田店（松のや併設）,松屋,138.244324,37.129822
0000002104,松屋 武蔵中原店（松のや・マイカリー食堂併設）,松屋,139.642181,35.580769
0000002105,松屋 豊見城店（松のや併設）,松屋,127.668205,26.173450
0000002106,松屋 旭川四条店（松のや併設）,松屋,142.377090,43.764545
0000002107,松屋 阿見店（松のや併設）,松屋,140.180801,36.022686
0000002108,松屋 新鎌ヶ谷店,松屋,139.998703,35.779564
0000002109,松屋 塩尻吉田店（松のや併設）,松屋,137.951813,36.162548
0000002110,松屋 芝一丁目店（松のや併設）,松屋,139.754379,35.652611
0000002111,松屋 聖蹟桜ヶ丘店（松のや併設）,松屋,139.448578,35.650848
0000002112,松屋 稲毛海岸店（松のや併設）,松屋,140.073868,35.630165
0000002113,松屋 練馬高野台店,松屋,139.617493,35.740749
0000002114,松屋 横須賀中央店（松のや併設）,松屋,139.669357,35.280632
0000002115,松屋 日立鹿島町店（松のや併設）,松屋,140.648422,36.591621
0000002116,松屋 南彦根店（松のや併設）,松屋,136.242706,35.251728
0000002117,松屋 柏松葉町店（松のや併設）,松屋,139.961243,35.892601
0000002118,松屋 熊本長嶺南店（松のや併設）,松屋,130.768799,32.812382
0000002119,松屋 越谷大道店（松のや併設）,松屋,139.761658,35.923409
0000002120,松屋 伊予西条店（松のや併設）,松屋,133.186325,33.917995
0000002121,松屋 北茨城店（松のや併設）,松屋,140.732971,36.783066
0000002122,松屋 山陽小野田店（松のや併設）,松屋,131.176926,33.977795
0000002123,松屋 苫小牧店（松のや併設）,松屋,141.600647,42.649319
0000002124,松屋 伊勢崎宮前町店（松のや併設）,松屋,139.208115,36.324493
0000002125,松屋 高知南御座店（松のや併設）,松屋,133.559219,33.565907
0000002126,松屋 東大阪七軒家店（松のや併設）,松屋,135.588974,34.686890
0000002127,松屋 足立六町店（松のや併設）,松屋,139.823441,35.783054
0000002128,松屋 本庄店（松のや併設）,松屋,139.185257,36.227840
0000002129,松屋 新高岡店（松のや併設）,松屋,137.014816,36.727310
0000002130,松屋 百合ヶ丘店,松屋,139.516632,35.608608
0000002131,松屋 長津田店（松のや併設）,松屋,139.495377,35.532700
0000002132,松屋 長野篠ノ井店（松のや併設）,松屋,138.141556,36.565643
0000002133,松屋 宇都宮平松店（松のや併設）,松屋,139.911758,36.548069
0000002134,松屋 茅場町店（松のや併設）,松屋,139.779449,35.679157
0000002135,松屋 垂井店（松のや併設）,松屋,136.549500,35.371170
0000002136,松屋 橿原新賀店（松のや併設）,松屋,135.797394,34.520473
0000002137,松屋 三郷下彦川戸店（松のや併設）,松屋,139.864532,35.849426
0000002138,松屋 つくば研究学園店（松のや併設）,松屋,140.078506,36.084545
0000002139,松屋 札幌北野店（松のや併設）,松屋,141.453583,43.018021
0000002140,松屋 西尾店（松のや併設）,松屋,137.046097,34.872276
0000002141,松屋 稲沢店（松のや併設）,松屋,136.806610,35.249672
0000002142,松屋 久留米国分バイパス店（松のや併設）,松屋,130.536179,33.290287
0000002143,松屋 苅田店（松のや併設）,松屋,130.981995,33.789047
0000002144,松屋 東金店（松のや併設）,松屋,140.367569,35.556187
0000002145,松屋 島田店（松のや併設）,松屋,138.160172,34.838036
0000002146,松屋 大野城横峰店（松のや併設）,松屋,130.474762,33.506004
0000002147,松屋 藤岡店（松のや併設）,松屋,139.059982,36.242390
0000002148,松屋 石神井公園店,松屋,139.607178,35.743038
0000002149,松屋 太田別所店（松のや併設）,松屋,139.333145,36.301529
0000002150,松屋 京成臼井店（松のや併設）,松屋,140.179947,35.728996
0000002151,松屋 知多店（松のや併設）,松屋,136.869232,34.981815
0000002152,松屋 新丸子店,松屋,139.660599,35.579380
0000002153,松屋 岐阜東栄町店（松のや併設）,松屋,136.783340,35.414631
0000002154,松屋 磐田岩井店（松のや併設）,松屋,137.880234,34.741718
0000002155,松屋 石巻恵み野店（松のや併設）,松屋,141.264954,38.442707
0000002156,松屋 栃木インター店（松のや併設）,松屋,139.725540,36.392540
0000002157,松屋 近江八幡店（松のや併設）,松屋,136.105133,35.127686
0000002158,松屋 エル枚方店（松のや併設）,松屋,135.647995,34.815216
0000002159,松屋 仙台東口店（松のや併設）,松屋,140.884186,38.261066
0000002160,松屋食堂 牧之原SA（上り線）店,松屋,138.179871,34.757771
0000002162,松屋 足利店（松のや併設）,松屋,139.446243,36.315987
0000002163,松屋 桶川西口店（松のや併設）,松屋,139.563828,35.998150
0000002164,松屋 下総中山店（松のや併設）,松屋,140.013199,35.702595
0000002165,松屋 東鎌ヶ谷店（松のや併設）,松屋,140.015671,35.763042
0000002166,松屋 各務原店（松のや併設）,松屋,136.848511,35.406239
0000002167,松屋 富田林店（松のや併設）,松屋,135.604202,34.506138
0000002168,松屋 千歳船橋店（マイカリー食堂併設）,松屋,139.623886,35.648041
0000002169,松屋 柏青葉台店（松のや併設）,松屋,139.961456,35.813942
0000002170,松屋 焼津インター店（松のや併設）,松屋,138.304642,34.881462
0000002171,松屋 綾瀬寺尾西店（松のや併設）,松屋,139.418396,35.452084
0000002172,松屋 さいたま見沼店（松のや併設）,松屋,139.649429,35.904572
0000002173,松屋 敦賀店（松のや併設）,松屋,136.058701,35.645924
0000002174,松屋 千歳店（松のや併設）,松屋,141.669617,42.832146
0000002175,松屋 岸和田西之内店（松のや併設）,松屋,135.390289,34.464256
0000002176,松屋 都筑池辺町店（松のや併設）,松屋,139.568665,35.523605
0000002177,松屋 薩摩川内店（松のや併設）,松屋,130.299561,31.825815
0000002178,松屋 草津駅西口店（松のや併設）,松屋,135.960724,35.023151
0000002179,松屋 十条西口店,松屋,139.722061,35.759575
0000002180,松屋 帯広白樺通り店（松のや併設）,松屋,143.193192,42.920113
0000002181,松屋 武蔵境南口店（松のや併設）,松屋,139.546539,35.700554
0000002182,松屋 筑後店（松のや併設）,松屋,130.502167,33.205765
0000002183,松屋 宮崎門川店（松のや併設）,松屋,131.650589,32.470455
0000002184,松屋 長野SBC通り店（松のや併設）,松屋,138.210266,36.670097
0000002185,松屋 溝の口店（松のや併設）,松屋,139.615295,35.600777
0000002186,松屋 堺山本店（松のや併設）,松屋,135.472168,34.587521
0000002187,松屋 飯塚片島店（松のや併設）,松屋,130.685089,33.644386
0000002188,松屋 大府店（松のや併設）,松屋,136.953110,35.025223
0000002189,松屋 八日市店（松のや併設）,松屋,136.208328,35.107082
0000002190,松屋 船橋芝山店（松のや併設）,松屋,140.015442,35.717056
0000002191,松屋 宮崎錦本町店（松のや併設）,松屋,131.430115,31.919806
0000002192,松屋 塚本店,松屋,135.469193,34.712982
0000002193,松屋 松戸五香店（松のや併設）,松屋,139.963669,35.795704
0000002194,松屋 那覇新都心店（マイカリー食堂併設）,松屋,127.695435,26.223972
0000002195,松屋 大村店（松のや併設）,松屋,129.937469,32.934620
0000002196,松屋 鹿屋寿店（松のや併設）,松屋,130.865601,31.386786
0000002197,松屋 武石店（松のや併設）,松屋,140.062378,35.667458
0000002198,松屋 八千代店（松のや併設）,松屋,140.070648,35.722141
0000002199,松屋 野々市中央通り店（松のや併設）,松屋,136.609741,36.519657
0000002200,松屋 下赤塚店（マイカリー食堂併設）,松屋,139.645447,35.770374
0000002201,松屋 16号柏店（松のや併設）,松屋,139.997437,35.846840
0000002202,松屋 青森観光通り店（松のや併設）,松屋,140.755264,40.807713
0000002203,松屋 函館亀田店（松のや併設）,松屋,140.733459,41.796997
0000002204,松屋 そよら長原駅前店（松のや併設）,松屋,135.573944,34.602211
0000002205,松屋 今治片山店（松のや併設）,松屋,132.983994,34.051590
0000002206,松屋 宇都宮細谷町店（松のや併設）,松屋,139.853897,36.588715
0000002207,松屋 栗東霊仙寺店（松のや併設）,松屋,135.968109,35.039726
0000002208,松屋 千葉古市場店（松のや併設）,松屋,140.145889,35.546452
0000002209,松屋 宮崎台店（松のや併設）,松屋,139.591187,35.587704
0000002210,松屋 寒河江店（松のや併設）,松屋,140.284500,38.373600
0000002211,松屋 総社店（松のや併設）,松屋,133.753708,34.677803
0000002212,松屋 みよし店（松のや併設）,松屋,137.066284,35.087971
0000002213,松屋 茨城那珂店（松のや併設）,松屋,140.501251,36.447449
0000002214,松屋 都島友渕町店（松のや併設）,松屋,135.528259,34.712524
0000002215,松屋 函館鍛治店（松のや併設）,松屋,140.771912,41.806343
0000002216,松屋 藍住店（松のや併設）,松屋,134.475357,34.127918
0000002217,松屋 霧島隼人店（松のや併設）,松屋,130.740906,31.740843
0000002218,松屋 秋田広面店（松のや併設）,松屋,140.148972,39.716415
0000002219,松屋 八王子山田店（松のや併設）,松屋,139.320175,35.643826
0000002220,松屋 朝倉甘木店（松のや併設）,松屋,130.656967,33.419151
0000002221,松屋 小松日の出町店（松のや併設）,松屋,136.455475,36.397945
0000002222,松屋 豊川店（松のや併設）,松屋,137.405930,34.822151
0000002223,松屋 群馬吉岡店（松のや併設）,松屋,139.024506,36.427879
0000002224,松屋 8号長浜店（松のや併設）,松屋,136.284439,35.387794
0000002225,松屋 野田山崎新町店（松のや併設）,松屋,139.895584,35.925056
0000002226,松屋 栗東市役所前店（松のや併設）,松屋,135.998260,35.022755
0000002227,松屋 宇治小倉店（松のや併設）,松屋,135.783966,34.898914
0000002228,松屋 藤沢石川店（松のや併設）,松屋,139.446716,35.388065
0000002229,松屋 大分猪野店（松のや併設）,松屋,131.663498,33.221176
0000002230,松屋 盛岡みたけ店（松のや併設）,松屋,141.118073,39.737679
0000002231,松屋 入間市駅前店（松のや併設）,松屋,139.388733,35.840206
0000002232,松屋 札幌美しが丘店（松のや併設）,松屋,141.454330,42.980167
0000002233,松屋 江別店（松のや併設）,松屋,141.535522,43.101871
0000002235,松屋 奈良押熊店（松のや併設）,松屋,135.766693,34.721378
0000002236,松屋 シティタワー品川店,松屋,139.747742,35.629105
0000002238,松屋 松山市駅前店（松のや併設）,松屋,132.763657,33.836372
0000002239,松屋 熊本桜木店（松のや併設）,松屋,130.785553,32.779556
0000002240,松屋 熊本光の森店（松のや併設）,松屋,130.780609,32.857933
0000002241,松屋 鵜の木店（松のや併設）,松屋,139.680527,35.575993
0000002242,松屋 東予丹原店（松のや併設）,松屋,133.078537,33.918190
0000002243,松屋 滑川店（松のや併設）,松屋,137.351501,36.757961
0000002244,松屋 今治喜田村店（松のや併設）,松屋,133.020721,34.045578
0000002245,松屋 射水太閤山店（松のや併設）,松屋,137.095688,36.703793
0000002246,松屋 東根店（松のや併設）,松屋,140.360718,38.434689
0000002247,松屋 佐倉白銀店（松のや併設）,松屋,140.246674,35.715355
0000002248,松屋 静岡呉服町店（松のや併設）,松屋,138.381393,34.975300
0000002249,松屋 南大分店（松のや併設）,松屋,131.602859,33.205307
0000002250,松屋 渋谷宮益坂店（松のや併設）,松屋,139.705688,35.660305
0000002251,松屋 武蔵小杉南口店（松のや併設）,松屋,139.657135,35.574715
0000002252,松屋 北見常盤店（松のや併設）,松屋,143.888657,43.799873
0000002254,松屋 犬山店（松のや併設）,松屋,136.943436,35.381279
0000002255,松屋 浜松高塚店（松のや併設）,松屋,137.682877,34.687481
0000002256,松屋 津山店（松のや併設）,松屋,133.988098,35.062653
0000002258,松屋 袋井店（松のや併設）,松屋,137.909439,34.747417
0000002260,松屋 仙台一番町店（松のや併設）,松屋,140.871262,38.262207
0000002261,松屋 九条店（松のや併設）,松屋,135.474838,34.675159
0000002262,松屋 横手店（松のや併設） ※2月26日10時オープン,松屋,140.557098,39.303986
0000002263,松屋 八戸田向店（松のや併設） ※3月12日10時オープン,松屋,141.508041,40.496025
0000002264,松屋 徳島松茂広島ランプ店（松のや併設）,松屋,134.573425,34.134228
0000002265,松屋 平間店,松屋,139.671234,35.561565
0000002267,松屋 広島八木店（松のや併設） ※3月14日10時オープン,松屋,132.497629,34.481998
0000002272,松屋 獨協大学前店（松のや併設）,松屋,139.801788,35.843960
0000002274,松屋 岩本町店（松のや併設）,松屋,139.774628,35.694412
0000002276,松屋 新山口駅前店（松のや併設） ※2月27日10時オープン,松屋,131.397903,34.088875
0000002280,松屋 羽田イノベーションシティ店（松のや併設） ※2月25日10時オープン,松屋,139.753922,35.547756
0000002503,松のや 岐阜茜部店,松のや,136.753738,35.387859
0000002504,松屋 長岡店（松のや併設）,松屋,138.874069,37.499340
0000002506,松屋 四国中央店（松のや併設）,松屋,133.551193,33.978642
0000002507,松のや 三田ウッディタウン店,松のや,135.188049,34.906849
0000002508,松屋 久留米新合川店（松のや併設）,松屋,130.541046,33.320019
0000002510,松のや 少路店,松のや,135.471481,34.803963
0000002511,松のや 春日店（マイカリー食堂併設）,松のや,139.753448,35.709751
0000002512,松のや 千葉都町店（マイカリー食堂併設）,松のや,140.147049,35.613430
0000002514,松屋 近鉄八尾駅前店（松のや併設）,松屋,135.602951,34.630783
0000002515,松のや 千川店,松のや,139.689529,35.737858
0000002517,松のや 市川店（マイカリー食堂併設）,松のや,139.908875,35.729343
0000002518,松のや 元町店（マイカリー食堂併設）,松のや,135.189285,34.690163
0000002519,松のや 高松今里店,松のや,134.060349,34.323532
0000002520,松屋 沖縄知花店（松のや併設）,松屋,127.815598,26.366062
0000002521,松屋 新居浜店（松のや併設）,松屋,133.308777,33.937088
0000002522,松のや 神栖店,松のや,140.642960,35.897739
0000002523,松のや 板橋店（マイカリー食堂併設）,松のや,139.721039,35.745907
0000002524,松のや 香里園店（マイカリー食堂併設）,松のや,135.629135,34.784508
0000002525,松のや 藤阪店,松のや,135.698471,34.811382
0000002526,松のや 京都南インター店,松のや,135.745056,34.951057
0000002528,松のや 権現湖PA（下り線）店,松のや,134.870651,34.836376
0000002530,松屋 那覇小禄店（松のや併設）,松屋,127.670067,26.198877
0000002531,松のや 相武台前店,松のや,139.407562,35.499199
0000002532,松のや 中洲店（マイカリー食堂併設）,松のや,130.405212,33.593834
0000002533,松のや 伊川谷店,松のや,135.000732,34.666245
0000002534,松のや 草津木川町店（マイカリー食堂併設）,松のや,135.942703,35.019493
0000002536,松のや 今津店（マイカリー食堂併設）,松のや,135.351578,34.731487
0000002537,松のや 小阪店,松のや,135.582474,34.669971
0000002538,松のや 三宮東店 ※3月2日15時より一時閉店、3月13日10時オープン,松のや,135.197388,34.695858
0000002540,松のや 掛川PA（下り線）店,松のや,138.034424,34.839108
0000002541,松のや 平塚店（マイカリー食堂併設）,松のや,139.348602,35.328789
0000002544,松のや 千葉店（マイカリー食堂併設）,松のや,140.116653,35.609623
0000002552,松のや 麹町店（マイカリー食堂併設）,松のや,139.737595,35.683678
0000002553,松のや 静岡北脇新田店（マイカリー食堂併設）,松のや,138.464615,35.017059
0000002555,松のや 豊洲IHIビル店,松のや,139.792511,35.659210
0000002556,松のや 萱島店（マイカリー食堂併設）,松のや,135.610901,34.747284
0000002558,松のや 蕨西口店（マイカリー食堂併設）,松のや,139.690018,35.827557
0000002559,松のや 志村坂上店（マイカリー食堂併設）,松のや,139.694626,35.776215
0000002560,松のや 江坂店（マイカリー食堂併設）,松のや,135.495102,34.757862
0000002562,松のや 伊勢佐木町店（マイカリー食堂併設）,松のや,139.630920,35.443233
0000002563,松屋 野崎店（松のや併設）,松屋,135.634918,34.721077
0000002565,松のや 上大岡西店 （マイカリー食堂併設）,松のや,139.595581,35.406437
0000002566,松のや 仙川店（マイカリー食堂併設）,松のや,139.585709,35.660221
0000002567,松のや 新大阪東口店（マイカリー食堂併設）,松のや,135.502975,34.733570
0000002568,松のや 阪神西宮店（マイカリー食堂併設）,松のや,135.337769,34.736671
0000002569,松のや 田無店,松のや,139.539368,35.727753
0000002571,松のや 摂津富田店（マイカリー食堂併設）,松のや,135.593506,34.836628
0000002572,松のや 川西能勢口店（マイカリー食堂併設）,松のや,135.411804,34.827820
0000002573,松のや 西荻窪店（マイカリー食堂併設）,松のや,139.600296,35.703064
0000002574,松屋 新潟紫竹山店（松のや併設）,松屋,139.062210,37.899837
0000002575,松のや 関大前店（マイカリー食堂併設）,松のや,135.505905,34.772507
0000002576,松のや 千船店,松のや,135.445236,34.711784
0000002577,松のや 阿佐ヶ谷南店,松のや,139.636719,35.702885
0000002578,松のや 谷町二丁目店,松のや,135.517548,34.684834
0000002579,松のや 西船橋店,松のや,139.958740,35.708885
0000002580,松のや 石神井公園店,松のや,139.607925,35.744057
0000002581,松のや 四日市芝田店（マイカリー食堂併設）,松のや,136.611588,34.971138
0000002582,松のや 新長田店,松のや,135.146454,34.655956
0000002583,松のや 大垣島里店（マイカリー食堂併設）,松のや,136.620239,35.325928
0000002584,松のや 高円寺店,松のや,139.649521,35.705856
0000002585,松のや 浦安駅前店,松のや,139.892609,35.665981
0000002586,松のや 調布南店,松のや,139.543701,35.650455
0000002587,松のや 安城店（マイカリー食堂併設）,松のや,137.084076,34.951401
0000010057,松のや 淵野辺店（松屋併設）,松のや,139.392014,35.565044
0000010070,松のや 草加店（草加バイパス／松屋併設）,松のや,139.786789,35.846447
0000010071,マイカリー食堂 立川店（松屋併設）,マイカリー食堂,139.414780,35.698990
0000010103,マイカリー食堂 鶴見東口店（松屋併設）,マイカリー食堂,139.677551,35.508232
0000010140,マイカリー食堂 阪急南方駅前店（松屋併設）,マイカリー食堂,135.499191,34.725849
0000010144,マイカリー食堂 立川錦町店（松屋併設）,マイカリー食堂,139.415207,35.696228
0000010186,松のや 納屋橋店（松屋併設）,松のや,136.890732,35.167915
0000010190,松のや 熊谷バイパス店（松屋併設）,松のや,139.390564,36.165100
0000010200,松のや 亀島店（松屋併設）,松のや,136.872665,35.175720
0000010220,松のや 神立店（松屋併設）,松のや,137.755035,34.717949
0000010226,マイカリー食堂 千歳烏山店（松屋併設）,マイカリー食堂,139.601074,35.668667
0000010230,松のや あびこ店（松屋併設）,松のや,135.513046,34.599831
0000010231,松のや 京成大久保店 (松屋併設),松のや,140.048325,35.686855
0000010247,松のや 今池店（松屋併設）,松のや,136.936813,35.167099
0000010268,松のや 春日井店（松屋併設）,松のや,136.970428,35.247162
0000010286,松のや 西所沢店（松屋併設）,松のや,139.454910,35.796227
0000010306,松のや 桜美林学園店（松屋併設）,松のや,139.407272,35.579674
0000010339,松のや 北松戸店（松屋併設）,松のや,139.912735,35.800652
0000010340,松のや 三河安城店（松屋併設）,松のや,137.048538,34.971977
0000010348,松のや 東十条店（松屋併設）,松のや,139.727478,35.765656
0000010378,マイカリー食堂 千川店（松屋併設）,マイカリー食堂,139.690018,35.738068
0000010390,松のや 豊田山之手店（松屋併設）,松のや,137.142624,35.056499
0000010406,松のや 上鶴間店（松屋併設）,松のや,139.445099,35.538143
0000010424,松のや 多摩愛宕店 （松屋併設）,松のや,139.431320,35.629539
0000010429,松のや 豊田十塚店（松屋併設）,松のや,137.160156,35.079990
0000010466,松のや 南柏店（松屋併設）,松のや,139.953293,35.844646
0000010467,マイカリー食堂 吉祥院店（松屋併設）,マイカリー食堂,135.725937,34.971020
0000010470,松のや JR茨木店（松屋併設）,松のや,135.562500,34.817017
0000010476,松のや 神戸新開地店（松屋併設）,松のや,135.173080,34.676376
0000010490,マイカリー食堂 博多駅前通り店（松屋併設）,マイカリー食堂,130.413864,33.589840
0000010491,マイカリー食堂 西新店 （松屋併設）,マイカリー食堂,130.357803,33.582870
0000010498,マイカリー食堂 東大宮駅前店（松屋併設）,マイカリー食堂,139.641327,35.948750
0000010511,マイカリー食堂 成田店（松屋併設）,マイカリー食堂,140.316635,35.774132
0000010516,マイカリー食堂 久米川店（松屋併設）,マイカリー食堂,139.473679,35.749977
0000010520,松のや 静岡池田店（松屋併設）,松のや,138.423569,34.986317
0000010526,マイカリー食堂 半田店（松屋併設）,マイカリー食堂,136.910065,34.882896
0000010530,松のや 本川越店（松屋併設）,松のや,139.481461,35.913265
0000010532,マイカリー食堂 北綾瀬店（松屋併設）,マイカリー食堂,139.829941,35.776329
0000010535,松のや 東久留米下里店（松屋併設）,松のや,139.501312,35.753796
0000010536,松のや 蕨北町店（松屋併設）,松のや,139.672775,35.831238
0000010540,松のや 岡山駅前店（松屋併設）,松のや,133.921738,34.665321
0000010542,松のや 蓮田関山店（松屋併設）,松のや,139.649155,35.989609
0000010546,マイカリー食堂 東大井町店（松屋併設）,マイカリー食堂,139.735474,35.605179
0000010548,松のや 谷町九丁目店 （松屋併設）,松のや,135.515839,34.666084
0000010554,松のや 沼津店（松屋併設）,松のや,138.863770,35.121006
0000010559,マイカリー食堂 つくば西大通り店（松屋併設）,マイカリー食堂,140.097015,36.095325
0000010560,マイカリー食堂 武庫川店（松屋併設）,マイカリー食堂,135.385132,34.730743
0000010562,松のや 稲城矢野口店 （松屋併設）,松のや,139.521805,35.638615
0000010565,松のや 立川柴崎町店（松屋併設）,松のや,139.407669,35.687752
0000010569,松のや 東大和清水店（松屋併設）,松のや,139.442993,35.747231
0000010571,松のや 青梅新町店（松屋併設）,松のや,139.320770,35.779625
0000010576,松のや 与野店（松屋併設）,松のや,139.618179,35.878391
0000010582,松のや 布施寿町店（松屋併設）,松のや,135.564316,34.652763
0000010590,松のや 穴川オーツーパーク店（松屋併設）,松のや,140.119476,35.651718
0000010591,松のや 天神橋六丁目店（松屋併設）,松のや,135.510513,34.711979
0000010593,マイカリー食堂 越谷蒲生店（松屋併設）,マイカリー食堂,139.806717,35.857525
0000010598,松のや 和光白子店（松屋併設）,松のや,139.619568,35.768448
0000010604,松のや 野火止店（松屋併設）,松のや,139.555435,35.802914
0000010606,松のや 糀谷店（松屋併設）,松のや,139.730240,35.554710
0000010607,松のや 浦和太田窪店（松屋併設）,松のや,139.686646,35.848797
0000010608,松のや 浦和町谷店（松屋併設）,松のや,139.621445,35.859192
0000010618,松のや エイトタウン本宮店（松屋併設）,松のや,140.377319,37.486412
0000010619,松のや 本内店（松屋併設）,松のや,140.485413,37.779491
0000010624,松のや 前橋上小出町店（松屋併設）,松のや,139.061386,36.417343
0000010628,マイカリー食堂 綾瀬店（松屋併設）,マイカリー食堂,139.824524,35.762798
0000010636,松のや 小倉片野店（松屋併設）,松のや,130.881058,33.862392
0000010638,松のや 一宮店（松屋併設）,松のや,136.821991,35.302910
0000010642,松のや 広島矢野店（松屋併設）,松のや,132.533890,34.354198
0000010643,松のや 伊勢崎上泉町店（松屋併設）,松のや,139.192841,36.311401
0000010647,松のや 伊勢崎宮子町店（松屋併設）,松のや,139.160797,36.332767
0000010652,松のや 柏崎店（松屋併設）,松のや,138.581268,37.379639
0000010657,松のや 館林店（松屋併設）,松のや,139.545074,36.234043
0000010658,松のや 川越インター店（松屋併設）,松のや,139.467224,35.900486
0000010659,松のや 上尾緑丘店（松屋併設）,松のや,139.578690,35.986576
0000010666,松のや 取手店（松屋併設）,松のや,140.063782,35.895657
0000010667,マイカリー食堂 五反野店（松屋併設）,マイカリー食堂,139.808319,35.765068
0000010670,松のや 高崎駅前店（松屋併設）,松のや,139.010086,36.322662
0000010673,松のや 入間店（松屋併設）,松のや,139.377029,35.809929
0000010677,松のや 富山田中町店（松屋併設）,松のや,137.240982,36.696033
0000010682,松のや 神戸玉津店（松屋併設）,松のや,134.979736,34.667534
0000010686,松のや 大宮吉野町店（松屋併設）,松のや,139.621658,35.946621
0000010688,松のや 福山東店（松屋併設）,松のや,133.399414,34.496868
0000010692,松のや 周南店（松屋併設）,松のや,131.800629,34.065350
0000010694,マイカリー食堂 神戸伊川谷店（松屋併設）,マイカリー食堂,135.015854,34.663826
0000010697,松のや 御幸本町店（松屋併設）,松のや,139.927811,36.583652
0000010705,松のや 大宮奈良町店（松屋併設）,松のや,139.603485,35.941250
0000010710,マイカリー食堂 岩出店（松屋併設）,マイカリー食堂,135.328049,34.262417
0000010714,松のや 入間東藤沢店（松屋併設）,松のや,139.418488,35.818073
0000010716,松のや 山口店（松屋併設）,松のや,131.448593,34.167164
0000010717,松のや 山形深町店（松屋併設）,松のや,140.316376,38.236191
0000010718,松のや 仙台大和町店 （松屋併設）,松のや,140.919571,38.248508
0000010719,松のや 金沢増泉店（松屋併設）,松のや,136.636688,36.559536
0000010725,松のや 三島店（松屋併設）,松のや,138.914124,35.109024
0000010728,松のや 山梨竜王店（松屋併設）,松のや,138.519730,35.639263
0000010732,松のや 富山掛尾店（松屋併設）,松のや,137.211197,36.667442
0000010735,松のや 浦和所沢バイパス店 （松屋併設）,松のや,139.569977,35.842331
0000010736,松のや 金沢工大前店（松屋併設）,松のや,136.630096,36.528816
0000010740,松のや 佐野店（松屋併設）,松のや,139.590912,36.307537
0000010742,松のや 北44条店（松屋併設）,松のや,141.344223,43.112820
0000010750,松のや 大宮桜木町店（松屋併設）,松のや,139.617020,35.907703
0000010752,松のや 上越藤野店（松屋併設）,松のや,138.247925,37.154011
0000010753,松のや 宇都宮簗瀬町店（松屋併設）,松のや,139.888580,36.543880
0000010761,松のや 長野柳原店（松屋併設）,松のや,138.250534,36.657490
0000010765,松のや 春日部豊町店（松屋併設）,松のや,139.736862,35.970985
0000010770,マイカリー食堂 稲田堤店（松屋併設）,マイカリー食堂,139.533005,35.633999
0000010774,松のや 川越城下町店（松屋併設）,松のや,139.491852,35.927338
0000010786,松のや 金沢示野店 （松屋併設）,松のや,136.617020,36.580887
0000010788,松のや 植田一本松店（松屋併設）,松のや,136.986130,35.137497
0000010789,松のや 石神井台店（松屋併設）,松のや,139.585541,35.738510
0000010793,松のや 前橋元総社町店（松屋併設）,松のや,139.043472,36.384056
0000010803,マイカリー食堂 用賀店（松屋併設）,マイカリー食堂,139.634918,35.627003
0000010806,マイカリー食堂 大倉山店（松屋併設）,マイカリー食堂,139.629684,35.521675
0000010809,マイカリー食堂 門真店（松屋併設）,マイカリー食堂,135.612747,34.738956
0000010817,マイカリー食堂 成城学園前店（松屋併設）,マイカリー食堂,139.600098,35.639996
0000010821,松のや 小倉駅前店（松屋併設）,松のや,130.880875,33.886131
0000010838,マイカリー食堂 平和台店（松屋併設）,マイカリー食堂,139.653259,35.758091
0000010843,松のや 越谷下間久里店（松屋併設）,松のや,139.780869,35.928902
0000010848,松のや 新潟万代シテイ店 （松屋併設）,松のや,139.057236,37.916477
0000010860,マイカリー食堂 川西能勢口店（12号線沿い／松屋併設）,マイカリー食堂,135.413696,34.829121
0000010861,マイカリー食堂 茗荷谷店（松屋併設）,マイカリー食堂,139.737762,35.716976
0000010873,マイカリー食堂 北千住店（松屋併設）,マイカリー食堂,139.803970,35.749725
0000010875,マイカリー食堂 下石神井店（松屋併設）,マイカリー食堂,139.607391,35.727737
0000010883,マイカリー食堂 京成小岩店（松屋併設）,マイカリー食堂,139.883865,35.742340
0000010897,マイカリー食堂 外環八尾店（松屋併設）,マイカリー食堂,135.614502,34.595215
0000010915,松のや 東久留米南町店（松屋併設）,松のや,139.526093,35.742802
0000010954,松のや 姪浜店（松屋併設）,松のや,130.322540,33.581188
0000010959,マイカリー食堂 武蔵浦和店（松屋併設）,マイカリー食堂,139.646011,35.844322
0000010968,マイカリー食堂 箕面店（松屋併設）,マイカリー食堂,135.458160,34.813271
0000010976,松のや 塩尻店 (松屋併設),松のや,137.958221,36.119106
0000010978,松のや 大宮南中丸店（松屋併設）,松のや,139.651855,35.916546
0000010980,松のや 川島店（松屋併設）,松のや,139.466156,35.978947
0000010982,松のや 日野神明店（松屋併設）,松のや,139.394257,35.668430
0000010990,松のや 東大阪川田店（松屋併設）,松のや,135.617538,34.691708
0000010992,松のや 上溝店（松屋併設）,松のや,139.355515,35.557529
0000010995,松のや 浜寺店（松屋併設）,松のや,135.456497,34.542931
0000010996,松のや 梅屋敷店（松屋併設 弁当専門店）,松のや,139.724884,35.567924
0000010998,松のや 九品仏店（松屋併設 弁当専門店）,松のや,139.661530,35.605007
0000011004,マイカリー食堂 巣鴨店（松屋併設）,マイカリー食堂,139.739487,35.733791
0000011203,マイカリー食堂 津田沼南口店（松のや併設）,マイカリー食堂,140.019516,35.691444
0000011221,マイカリー食堂 幕張本郷店（松のや併設）,マイカリー食堂,140.040771,35.672615
0000011225,マイカリー食堂 朝霞台店（松のや併設）,マイカリー食堂,139.587830,35.815441
0000011226,マイカリー食堂 ひばりが丘店（松のや併設）,マイカリー食堂,139.544647,35.752312
0000011233,マイカリー食堂 野方店（松のや併設）,マイカリー食堂,139.653000,35.718704
0000011250,マイカリー食堂 茅ヶ崎店（松のや併設）,マイカリー食堂,139.405060,35.330544
0000011253,マイカリー食堂 行徳店（松のや併設）,マイカリー食堂,139.913864,35.682850
0000011256,マイカリー食堂 平井店（松のや併設）,マイカリー食堂,139.841843,35.706722
0000011258,マイカリー食堂 上田店（松のや併設）,マイカリー食堂,138.268478,36.382912
0000011266,松のや 防府店（松屋併設）,松のや,131.579666,34.055946
0000011268,マイカリー食堂 野毛店（松のや併設）,マイカリー食堂,139.628723,35.448391
0000011273,マイカリー食堂 本厚木店（松のや併設） ※2月24日0時より一時閉店、2月25日15時オープン,マイカリー食堂,139.364792,35.441109
0000011275,マイカリー食堂 南森町店（松のや併設）,マイカリー食堂,135.512466,34.697201
0000011281,マイカリー食堂 橋本店（松のや併設）,マイカリー食堂,139.344482,35.596298
0000011283,マイカリー食堂 南越谷店（松のや併設）,マイカリー食堂,139.791122,35.875626
0000011287,マイカリー食堂 尼崎店（松のや併設）,マイカリー食堂,135.415695,34.719738
0000011293,マイカリー食堂 名谷店（松のや併設）,マイカリー食堂,135.066803,34.648479
0000011311,マイカリー食堂 すすきの店（松のや併設）,マイカリー食堂,141.354202,43.055405
0000011313,マイカリー食堂 堀田店（松のや併設）,マイカリー食堂,136.922089,35.112881
0000011315,マイカリー食堂 だいどう豊里店（松のや併設）,マイカリー食堂,135.544617,34.743610
0000011321,マイカリー食堂 深江橋店（松のや併設）,マイカリー食堂,135.558167,34.679276
0000011323,マイカリー食堂 沼袋店（松のや併設）,マイカリー食堂,139.662659,35.720383
0000011324,マイカリー食堂 札幌駅前通店（松のや併設）,マイカリー食堂,141.352280,43.063015
0000011325,マイカリー食堂 相模原店（松のや併設）,マイカリー食堂,139.370148,35.580612
0000011330,マイカリー食堂 清須店（松のや併設）,マイカリー食堂,136.864227,35.199005
0000011332,松のや 仙台扇町店（松屋併設）,松のや,140.948639,38.269547
0000011333,マイカリー食堂 湘南台店（松のや併設）,マイカリー食堂,139.467239,35.395744
0000011337,マイカリー食堂 川越西口店（松のや併設）,マイカリー食堂,139.482010,35.906048
0000011338,マイカリー食堂 江戸川橋店（松のや併設）,マイカリー食堂,139.731689,35.709476
0000011340,マイカリー食堂 浮間舟渡店（松のや併設）,マイカリー食堂,139.691803,35.792027
0000011342,マイカリー食堂 京王八王子店（松のや併設）,マイカリー食堂,139.342682,35.658401
0000011346,マイカリー食堂 岩塚本通店（松のや併設）,マイカリー食堂,136.847794,35.158112
0000011347,松のや 周船寺店（松屋併設）,松のや,130.249664,33.574581
0000011354,マイカリー食堂 ル・シーニュ府中店（松のや併設）,マイカリー食堂,139.481461,35.671230
0000011362,松のや 熊本新市街店（松屋併設）,松のや,130.706879,32.798870
0000011364,マイカリー食堂 鷺沼店（松のや併設）,マイカリー食堂,139.572708,35.579124
0000011367,マイカリー食堂 西川口店（松のや併設）,マイカリー食堂,139.702942,35.814758
0000011368,松のや 干隈店（松屋併設）,松のや,130.348984,33.551651
0000011369,マイカリー食堂 西東京新町店（松のや併設）,マイカリー食堂,139.538315,35.711662
0000011375,松のや 雑色店（松屋併設）,松のや,139.714371,35.550468
0000011376,マイカリー食堂 千鳥橋店（松のや併設）,マイカリー食堂,135.458389,34.685131
0000011377,マイカリー食堂 青物横丁店（松のや併設）,マイカリー食堂,139.744827,35.610935
0000011379,マイカリー食堂 和歌山太田店（松のや併設）,マイカリー食堂,135.196991,34.229351
0000011381,マイカリー食堂 ふじみ野店（松のや併設）,マイカリー食堂,139.521988,35.860523
0000011386,マイカリー食堂 杉田店（松のや併設）,マイカリー食堂,139.618256,35.384266
0000011388,マイカリー食堂 阪東橋店（松のや併設）,マイカリー食堂,139.624496,35.436867
0000011389,マイカリー食堂 堺東店（松のや併設）,マイカリー食堂,135.483551,34.574558
0000011392,マイカリー食堂 南浦和店（松のや併設）,マイカリー食堂,139.670395,35.848083
0000011393,松のや 鹿児島宇宿店（松屋併設）,松のや,130.539383,31.540071
0000011394,マイカリー食堂 大和店（松のや併設）,マイカリー食堂,139.460571,35.469612
0000011396,松のや 倉敷玉島店（松屋併設）,松のや,133.680923,34.547497
0000011509,マイカリー食堂 赤坂店（松のや併設）,マイカリー食堂,139.734833,35.670437
0000011515,マイカリー食堂 豊田店（松のや併設）,マイカリー食堂,139.380692,35.660290
0000011652,松のや 清瀬店（松屋・マイカリー食堂併設）,松のや,139.519409,35.771439
0000011701,松のや 穴生店（松屋併設）,松のや,130.743073,33.858818
0000011703,松のや 豊明店（松屋併設）,松のや,137.014374,35.055794
0000011705,松のや 蟹江店（松屋併設）,松のや,136.780258,35.135628
0000011706,松のや 八千代台西口店（松屋併設）,松のや,140.089890,35.701817
0000011712,松のや 森孝店（松屋併設）,松のや,137.009048,35.191612
0000011717,松のや 手稲前田店 （松屋併設）,松のや,141.248123,43.128895
0000011720,松のや 富山婦中店（松屋併設）,松のや,137.175140,36.663460
0000011721,松のや 千里丘店（松屋併設）,松のや,135.543365,34.787918
0000011723,松のや 川崎京町店 （松屋併設）,松のや,139.695251,35.516888
0000011725,松のや 青梅河辺町店（松屋併設）,松のや,139.291595,35.784126
0000011729,松のや 甲府国母店（松屋併設）,松のや,138.550522,35.625343
0000011731,松のや 佐久店（松屋併設）,松のや,138.482651,36.284023
0000011745,松のや 深谷市役所前店（松屋併設）,松のや,139.280106,36.196644
0000011746,松のや 大泉学園町店（松屋併設）,松のや,139.586243,35.773830
0000011747,マイカリー食堂 篠原橋通店（松屋併設）,マイカリー食堂,136.866959,35.140427
0000011750,マイカリー食堂 長野鶴賀七瀬店（松屋併設）,マイカリー食堂,138.196487,36.641857
0000011751,松のや 宇部店（松屋併設）,松のや,131.246078,33.962204
0000011764,松のや 山梨昭和店 （松屋併設）,松のや,138.522202,35.622814
0000011767,松のや 寒川倉見店（松屋併設）,松のや,139.381439,35.397331
0000011768,松のや 小田原酒匂店（松屋併設）,松のや,139.183945,35.264965
0000011776,松のや 奈良三条大路店（松屋併設）,松のや,135.796402,34.681896
0000011788,松のや 中の島店（松屋併設）,松のや,141.358932,43.028923
0000011790,松のや 八街店（松屋併設）,松のや,140.319519,35.663921
0000011794,松のや 郡山コスモス通店（松屋併設）,松のや,140.332825,37.395611
0000011795,松のや 東松山上野本店（松屋併設）,松のや,139.405731,36.025391
0000011796,松のや 北方町店（松屋併設）,松のや,136.690262,35.412106
0000011798,松のや 仙台中野栄店（松屋併設）,松のや,140.982590,38.279194
0000011799,松のや 岐阜則武店（松屋併設）,松のや,136.739136,35.443966
0000011810,松のや 津南店（松屋併設）,松のや,136.490982,34.669262
0000011811,マイカリー食堂 朝霞膝折店（松屋併設）,マイカリー食堂,139.581131,35.791954
0000011830,松のや 桜川店（松屋併設）,松のや,135.487396,34.668224
0000011831,マイカリー食堂 東池袋グリーン大通店（松屋併設）,マイカリー食堂,139.716629,35.728603
0000011836,松のや 鈴鹿中央通店（松屋併設）,松のや,136.546509,34.874432
0000011847,松のや 笠寺店（松屋併設）,松のや,136.927399,35.098450
0000011852,マイカリー食堂 宝塚安倉店（松屋併設）,マイカリー食堂,135.374451,34.795296
0000011854,マイカリー食堂 所沢北原店（松屋併設）,マイカリー食堂,139.479736,35.810730
0000011857,松のや 茅ヶ崎赤松町店（松屋併設）,松のや,139.438370,35.341702
0000011858,松のや 松山萱町店（松屋併設）,松のや,132.757690,33.853046
0000011859,マイカリー食堂 清瀬野塩店（松屋併設）,マイカリー食堂,139.504272,35.775166
0000011861,マイカリー食堂 加古川平岡町店 （松屋併設）,マイカリー食堂,134.853775,34.736126
0000011884,松のや 金沢神谷内店（松屋併設）,松のや,136.680298,36.599373
0000011888,松のや 東中野2丁目店（松屋併設 弁当専門店）,松のや,139.681274,35.700966
0000011901,マイカリー食堂 西新宿タワー60店（松屋併設）,マイカリー食堂,139.687057,35.693737
0000011903,松のや 徳島鮎喰店（松屋併設）,松のや,134.503632,34.072533
0000011906,松のや 新潟見附店（松屋併設）,松のや,138.888214,37.542023
0000011907,マイカリー食堂 新中野鍋屋横丁店（松屋併設）,マイカリー食堂,139.670670,35.697132
0000011914,松のや 浜松高林店 （松屋併設）,松のや,137.732925,34.730217
0000011916,マイカリー食堂 福岡箱崎店（松屋併設）,マイカリー食堂,130.414215,33.614487
0000011920,松のや 南草津店（松屋併設）,松のや,135.953018,35.004944
0000011931,松のや うるま石川店（松屋併設）,松のや,127.827560,26.428650
0000011933,マイカリー食堂 博多駅南店（松屋併設）,マイカリー食堂,130.423233,33.586971
0000011937,マイカリー食堂 梶が谷店（松屋併設）,マイカリー食堂,139.605255,35.594940
0000011940,マイカリー食堂 新井薬師前店（松屋併設）,マイカリー食堂,139.671753,35.715549
0000011942,松のや 倉敷水島店 （松屋併設）,松のや,133.753326,34.523533
0000011943,松のや 大分駅前店（松屋併設）,松のや,131.607254,33.235275
0000011944,松のや 浦和仲町店（松屋併設）,松のや,139.655411,35.860027
0000011945,松のや 甲賀水口店（松屋併設）,松のや,136.167984,34.976856
0000011950,マイカリー食堂 浅草橋南店 （松屋併設）,マイカリー食堂,139.784775,35.695541
0000011953,松のや 幕張インター店（松屋・マイカリー食堂併設）,松のや,140.031311,35.671215
0000011955,マイカリー食堂 豊洲IHIビル店（松屋併設）,マイカリー食堂,139.792511,35.659210
0000011956,松のや 入場店（松屋併設）,松のや,136.854095,35.113667
0000011957,マイカリー食堂 金沢八景店 （松屋併設）,マイカリー食堂,139.621124,35.331432
0000011958,松のや 越前千福店（松屋併設）,松のや,136.154785,35.889282
0000011960,松のや 平針店（松屋・マイカリー食堂併設）,松のや,137.007950,35.123199
0000011962,マイカリー食堂 岡山下中野店（松屋併設）,マイカリー食堂,133.903931,34.639603
0000011963,松のや 天理店（松屋併設）,松のや,135.837112,34.595650
0000011965,松のや 新柏店（松屋併設）,松のや,139.978470,35.844341
0000011966,松のや 北谷美浜店 （松屋併設）,松のや,127.760162,26.315685
0000011967,マイカリー食堂 川崎砂子店（松屋併設）,マイカリー食堂,139.700012,35.528725
0000011968,マイカリー食堂 蒲田西口店（松屋併設）,マイカリー食堂,139.716171,35.563904
0000011969,マイカリー食堂 武蔵小杉北口店（松屋併設）,マイカリー食堂,139.660126,35.577480
0000011970,マイカリー食堂 府中本町店（松屋併設）,マイカリー食堂,139.476944,35.667030
0000011972,松のや 徳島南矢三店（松屋併設）,松のや,134.521576,34.084621
0000011973,松のや 福井若杉店（松屋併設）,松のや,136.192230,36.058727
0000011978,松のや 松阪大黒田店（松屋併設）,松のや,136.527298,34.562935
0000011979,マイカリー食堂 東久留米店（松屋併設）,マイカリー食堂,139.533646,35.761223
0000011980,マイカリー食堂 中野島店（松屋併設）,マイカリー食堂,139.548767,35.629375
0000011981,松のや 海老名河原口店 （松屋併設）,松のや,139.381165,35.450459
0000011982,マイカリー食堂 名駅西店（松屋併設）,マイカリー食堂,136.878967,35.174637
0000011983,マイカリー食堂 国立店（松屋併設）,マイカリー食堂,139.444534,35.698486
0000011984,松のや 和歌山加納店 （松屋併設）,松のや,135.204483,34.245537
0000011985,松のや 忍ヶ丘駅前店（松屋併設）,松のや,135.645264,34.744587
0000011986,松のや 日田店（松屋併設）,松のや,130.923386,33.323116
0000011991,松のや うるま赤道店（松屋併設）,松のや,127.830795,26.354914
0000011992,松のや 姶良加治木店（松屋併設）,松のや,130.644135,31.734589
0000011993,松のや 市が尾店（松屋併設）,松のや,139.541519,35.550644
0000011994,マイカリー食堂 国分寺南口店 （松屋併設）,マイカリー食堂,139.480148,35.699131
0000012011,松のや 大分大在店（松屋併設）,松のや,131.712585,33.245731
0000012012,松のや 弘前高田店（松屋併設）,松のや,140.501724,40.596802
0000012013,松のや 行橋中央店（松屋併設）,松のや,130.977417,33.725998
0000012015,松のや 豊中熊野町店（松屋併設）,松のや,135.478470,34.786987
0000012016,松のや 広島三原店（松屋併設）,松のや,133.067062,34.393757
0000012017,マイカリー食堂 要町店（松屋併設）,マイカリー食堂,139.698227,35.733868
0000012023,松のや 新発田店（松屋併設）,松のや,139.324844,37.963379
0000012024,松のや 高松松島店（松屋併設）,松のや,134.070374,34.338470
0000012025,松のや 堺大野芝店（松屋併設）,松のや,135.517014,34.536095
0000012026,松のや 瀬谷店（松屋併設）,松のや,139.483963,35.471012
0000012029,松のや 大正千島店（松屋併設）,松のや,135.471710,34.651672
0000012030,松のや 水戸東原店（松屋併設）,松のや,140.446304,36.383904
0000012031,松のや 藤井寺駅前店（松屋併設）,松のや,135.594620,34.571339
0000012033,松のや 越谷店（松屋併設）,松のや,139.786575,35.888966
0000012034,松のや 山口平川店（松屋併設）,松のや,131.456726,34.143944
0000012035,マイカリー食堂 葛西長島陸橋店（松屋併設）,マイカリー食堂,139.873474,35.665817
0000012036,松のや 川崎大師店（松屋併設）,松のや,139.727020,35.535110
0000012037,松のや 八尾南太子堂店（松屋併設）,松のや,135.584213,34.613605
0000012038,松のや 須賀川店（松屋併設）,松のや,140.367264,37.297417
0000012039,松のや 一関店（松屋併設）,松のや,141.119629,38.936710
0000012040,松のや 北九州高須東店（松屋併設）,松のや,130.690094,33.889854
0000012041,松のや 都城店（松屋併設）,松のや,131.069092,31.735126
0000012043,松のや 尼崎武庫の里店（松屋併設）,松のや,135.385437,34.759636
0000012044,松のや 堺美原店（松屋併設）,松のや,135.558380,34.542019
0000012045,松のや 高崎南大類店（松屋併設）,松のや,139.040894,36.321503
0000012046,松のや 吹田店（松屋併設）,松のや,135.526657,34.762691
0000012047,松のや 高石店（松屋併設）,松のや,135.442108,34.516151
0000012048,松のや 新琴似店（松屋併設）,松のや,141.333176,43.107800
0000012051,松のや 丸亀中府店（松屋・マイカリー食堂併設）,松のや,133.796417,34.279064
0000012052,松のや 守口佐太中町店（松屋併設）,松のや,135.592453,34.762398
0000012053,松のや 鹿児島新栄店（松屋・マイカリー食堂併設）,松のや,130.542938,31.548510
0000012054,松のや アクロスプラザ盛岡店（松屋併設）,松のや,141.161301,39.659489
0000012055,松のや 三重川越町店（松屋・マイカリー食堂併設）,松のや,136.664078,35.015450
0000012056,松のや 黒部店（松屋併設）,松のや,137.475586,36.885090
0000012057,松のや 中津店（松屋併設）,松のや,131.184845,33.589581
0000012058,松のや 相模原相原店（松屋併設）,松のや,139.315643,35.598137
0000012059,松のや 神戸有野店（松屋併設）,松のや,135.225449,34.825317
0000012060,松のや 那珂川店（松屋併設）,松のや,130.413010,33.521824
0000012061,松のや 恵庭店（松屋併設）,松のや,141.569016,42.889439
0000012062,松のや 茨城東海店（松屋併設）,松のや,140.568954,36.469395
0000012063,松のや 松戸古ヶ崎店（松屋併設）,松のや,139.896179,35.795441
0000012064,松のや 酒田店（松屋併設）,松のや,139.858261,38.921818
0000012065,松のや 鶴岡店（松屋併設）,松のや,139.814972,38.735733
0000012066,松のや 新潟大学前店（松屋併設）,松のや,138.949112,37.868809
0000012067,松のや 水戸河和田店（松屋併設）,松のや,140.408478,36.376652
0000012068,マイカリー食堂 草加松江店（松屋併設）,マイカリー食堂,139.819626,35.834545
0000012069,松のや 明大前店（松屋・マイカリー食堂併設）,松のや,139.650681,35.668678
0000012070,松のや 延岡店（松屋併設）,松のや,131.683762,32.572319
0000012071,マイカリー食堂 tekute長町店（松屋併設）,マイカリー食堂,140.885315,38.227646
0000012072,松のや 住吉店（松屋併設）,松のや,139.814743,35.688847
0000012073,松のや 常陸太田店（松屋併設）,松のや,140.528809,36.541340
0000012074,松のや 有田インター店（松屋併設）,松のや,135.203293,34.059383
0000012075,松のや 高知朝倉店（松屋・マイカリー食堂併設）,松のや,133.500244,33.544022
0000012076,松のや 浜松初生町店（松屋併設）,松のや,137.719299,34.765617
0000012077,松のや 王子神谷店（松屋・マイカリー食堂併設）,松のや,139.735916,35.765156
0000012079,松のや 狛江店（松屋併設）,松のや,139.577545,35.631618
0000012080,松のや 中河原店（松屋併設 弁当専門店）,松のや,139.457840,35.659245
0000012081,松のや 八戸城下店（松屋併設）,松のや,141.494293,40.520229
0000012082,松のや 広島西原店（松屋併設）,松のや,132.469528,34.446648
0000012083,松のや 旭川大町店（松屋併設）,松のや,142.360962,43.784519
0000012084,松のや 朝霞泉水店（松屋併設）,松のや,139.576645,35.802498
0000012085,松のや 坂戸にっさい店（松屋併設）,松のや,139.375534,35.968651
0000012086,松のや 南国店（松屋併設）,松のや,133.624756,33.569798
0000012087,松のや 泉大津店（松屋併設）,松のや,135.410751,34.495438
0000012088,松のや 相模原ラクーン店（松屋併設）,松のや,139.362762,35.583977
0000012089,松のや 西武柳沢店（松屋併設 弁当専門店）,松のや,139.552704,35.728340
0000012090,松のや 佐賀大財店（松屋併設）,松のや,130.303345,33.262051
0000012091,松のや 蒲郡店（松屋併設）,松のや,137.218399,34.826302
0000012092,松のや 新潟大形店（松屋併設）,松のや,139.107697,37.924603
0000012093,松のや そよら古川橋駅前店（松屋併設）,松のや,135.591568,34.738552
0000012094,松のや 三郷戸ヶ崎店（松屋併設）,松のや,139.867172,35.798840
0000012095,松のや 古川店（松屋併設）,松のや,140.956863,38.564980
0000012096,松のや 小山店 （松屋併設）,松のや,139.818619,36.298309
0000012097,マイカリー食堂 渋谷桜丘店（松屋併設）,マイカリー食堂,139.702011,35.657001
0000012098,松のや 野田店（松屋併設）,松のや,139.871536,35.955715
0000012099,松のや 米沢店（松屋併設）,松のや,140.114914,37.921738
0000012100,松のや 音更店（松屋併設）,松のや,143.204834,42.951416
0000012101,松のや フェニックスガーデンうきのじょう店（松屋併設）,松のや,131.436707,31.926636
0000012103,松のや 上越高田店（松屋併設）,松のや,138.244324,37.129822
0000012104,松のや 武蔵中原店（松屋・マイカリー食堂併設）,松のや,139.642181,35.580769
0000012105,松のや 豊見城店（松屋併設）,松のや,127.668205,26.173450
0000012106,松のや 旭川四条店（松屋併設）,松のや,142.377090,43.764545
0000012107,松のや 阿見店（松屋併設）,松のや,140.180801,36.022686
0000012109,松のや 塩尻吉田店（松屋併設）,松のや,137.951813,36.162548
0000012110,松のや 芝一丁目店（松屋併設）,松のや,139.754379,35.652611
0000012111,松のや 聖蹟桜ヶ丘店（松屋併設）,松のや,139.448578,35.650848
0000012112,松のや 稲毛海岸店（松屋併設）,松のや,140.073868,35.630165
0000012114,松のや 横須賀中央店（松屋併設）,松のや,139.669357,35.280632
0000012115,松のや 日立鹿島町店（松屋併設）,松のや,140.648422,36.591621
0000012116,松のや 南彦根店（松屋併設）,松のや,136.242706,35.251728
0000012117,松のや 柏松葉町店（松屋併設）,松のや,139.961243,35.892601
0000012118,松のや 熊本長嶺南店（松屋併設）,松のや,130.768799,32.812382
0000012119,松のや 越谷大道店（松屋併設）,松のや,139.761658,35.923409
0000012120,松のや 伊予西条店（松屋併設）,松のや,133.186325,33.917995
0000012121,松のや 北茨城店（松屋併設）,松のや,140.732971,36.783066
0000012122,松のや 山陽小野田店（松屋併設）,松のや,131.176926,33.977795
0000012123,松のや 苫小牧店（松屋併設）,松のや,141.600647,42.649319
0000012124,松のや 伊勢崎宮前町店（松屋併設）,松のや,139.208115,36.324493
0000012125,松のや 高知南御座店（松屋併設）,松のや,133.559219,33.565907
0000012126,松のや 東大阪七軒家店（松屋併設）,松のや,135.588974,34.686890
0000012127,松のや 足立六町店（松屋併設）,松のや,139.823441,35.783054
0000012128,松のや 本庄店（松屋併設）,松のや,139.185257,36.227840
0000012129,松のや 新高岡店（松屋併設）,松のや,137.014816,36.727310
0000012131,松のや 長津田店（松屋併設）,松のや,139.495377,35.532700
0000012132,松のや 長野篠ノ井店（松屋併設）,松のや,138.141556,36.565643
0000012133,松のや 宇都宮平松店（松屋併設）,松のや,139.911758,36.548069
0000012134,松のや 茅場町店（松屋併設）,松のや,139.779449,35.679157
0000012135,松のや 垂井店（松屋併設）,松のや,136.549500,35.371170
0000012136,松のや 橿原新賀店（松屋併設）,松のや,135.797394,34.520473
0000012137,松のや 三郷下彦川戸店（松屋併設）,松のや,139.864532,35.849426
0000012138,松のや つくば研究学園店（松屋併設）,松のや,140.078506,36.084545
0000012139,松のや 札幌北野店（松屋併設）,松のや,141.453583,43.018021
0000012140,松のや 西尾店（松屋併設）,松のや,137.046097,34.872276
0000012141,松のや 稲沢店（松屋併設）,松のや,136.806610,35.249672
0000012142,松のや 久留米国分バイパス店（松屋併設）,松のや,130.536179,33.290287
0000012143,松のや 苅田店（松屋併設）,松のや,130.981995,33.789047
0000012144,松のや 東金店（松屋併設）,松のや,140.367569,35.556187
0000012145,松のや 島田店（松屋併設）,松のや,138.160172,34.838036
0000012146,松のや 大野城横峰店（松屋併設）,松のや,130.474762,33.506004
0000012147,松のや 藤岡店（松屋併設）,松のや,139.059982,36.242390
0000012149,松のや 太田別所店（松屋併設）,松のや,139.333145,36.301529
0000012150,松のや 京成臼井店（松屋併設）,松のや,140.179947,35.728996
0000012151,松のや 知多店（松屋併設）,松のや,136.869232,34.981815
0000012153,松のや 岐阜東栄町店（松屋併設）,松のや,136.783340,35.414631
0000012154,松のや 磐田岩井店（松屋併設）,松のや,137.880234,34.741718
0000012155,松のや 石巻恵み野店（松屋併設）,松のや,141.264954,38.442707
0000012156,松のや 栃木インター店（松屋併設）,松のや,139.725540,36.392540
0000012157,松のや 近江八幡店（松屋併設）,松のや,136.105133,35.127686
0000012158,松のや エル枚方店（松屋併設）,松のや,135.647995,34.815216
0000012159,松のや 仙台東口店（松屋併設）,松のや,140.884186,38.261066
0000012162,松のや 足利店（松屋併設）,松のや,139.446243,36.315987
0000012163,松のや 桶川西口店（松屋併設）,松のや,139.563828,35.998150
0000012164,松のや 下総中山店（松屋併設）,松のや,140.013199,35.702595
0000012165,松のや 東鎌ヶ谷店（松屋併設）,松のや,140.015671,35.763042
0000012166,松のや 各務原店（松屋併設）,松のや,136.848511,35.406239
0000012167,松のや 富田林店（松屋併設）,松のや,135.604202,34.506138
0000012168,マイカリー食堂 千歳船橋店（松屋併設）,マイカリー食堂,139.623886,35.648041
0000012169,松のや 柏青葉台店（松屋併設）,松のや,139.961456,35.813942
0000012170,松のや 焼津インター店（松屋併設）,松のや,138.304642,34.881462
0000012171,松のや 綾瀬寺尾西店（松屋併設）,松のや,139.418396,35.452084
0000012172,松のや さいたま見沼店（松屋併設）,松のや,139.649429,35.904572
0000012173,松のや 敦賀店（松屋併設）,松のや,136.058701,35.645924
0000012174,松のや 千歳店（松屋併設）,松のや,141.669617,42.832146
0000012175,松のや 岸和田西之内店（松屋併設）,松のや,135.390289,34.464256
0000012176,松のや 都筑池辺町店（松屋併設）,松のや,139.568665,35.523605
0000012177,松のや 薩摩川内店（松屋併設）,松のや,130.299561,31.825815
0000012178,松のや 草津駅西口店（松屋併設）,松のや,135.960724,35.023151
0000012180,松のや 帯広白樺通り店（松屋併設）,松のや,143.193192,42.920113
0000012181,松のや 武蔵境南口（松屋併設）,松のや,139.546539,35.700554
0000012182,松のや 筑後店（松屋併設）,松のや,130.502167,33.205765
0000012183,松のや 宮崎門川店（松屋併設）,松のや,131.650589,32.470455
0000012184,松のや 長野SBC通り店（松屋併設）,松のや,138.210266,36.670097
0000012185,松のや 溝の口店（松屋併設）,松のや,139.615295,35.600777
0000012186,松のや 堺山本店（松屋併設）,松のや,135.472168,34.587521
0000012187,松のや 飯塚片島店（松屋併設）,松のや,130.685089,33.644386
0000012188,松のや 大府店（松屋併設）,松のや,136.953110,35.025223
0000012189,松のや 八日市店（松屋併設）,松のや,136.208328,35.107082
0000012190,松のや 船橋芝山店（松屋併設）,松のや,140.015442,35.717056
0000012191,松のや 宮崎錦本町店（松屋併設）,松のや,131.430115,31.919806
0000012193,松のや 松戸五香店（松屋併設）,松のや,139.963669,35.795704
0000012194,マイカリー食堂 那覇新都心店（松屋併設）,マイカリー食堂,127.695435,26.223972
0000012195,松のや 大村店（松屋併設）,松のや,129.937469,32.934620
0000012196,松のや 鹿屋寿店（松屋併設）,松のや,130.865601,31.386786
0000012197,松のや 武石店（松屋併設）,松のや,140.062378,35.667458
0000012198,松のや 八千代店（松屋併設）,松のや,140.070648,35.722141
0000012199,松のや 野々市中央通り店（松屋併設）,松のや,136.609741,36.519657
0000012200,マイカリー食堂 下赤塚店（松屋併設）,マイカリー食堂,139.645447,35.770374
0000012201,松のや 16号柏店（松屋併設）,松のや,139.997437,35.846840
0000012202,松のや 青森観光通り店（松屋併設）,松のや,140.755264,40.807713
0000012203,松のや 函館亀田店（松屋併設）,松のや,140.733459,41.796997
0000012204,松のや そよら長原駅前店（松屋併設）,松のや,135.573944,34.602211
0000012205,松のや 今治片山店（松屋併設）,松のや,132.983994,34.051590
0000012206,松のや 宇都宮細谷町店（松屋併設）,松のや,139.853897,36.588715
0000012207,松のや 栗東霊仙寺店（松屋併設）,松のや,135.968109,35.039726
0000012208,松のや 千葉古市場店（松屋併設）,松のや,140.145889,35.546452
0000012209,松のや 宮崎台店（松屋併設）,松のや,139.591187,35.587704
0000012210,松のや 寒河江店（松屋併設）,松のや,140.284500,38.373600
0000012211,松のや 総社店（松屋併設）,松のや,133.753708,34.677803
0000012212,松のや みよし店（松屋併設）,松のや,137.066284,35.087971
0000012213,松のや 茨城那珂店（松屋併設）,松のや,140.501251,36.447449
0000012214,松のや 都島友渕町店（松屋併設）,松のや,135.528259,34.712524
0000012215,松のや 函館鍛治店（松屋併設）,松のや,140.771912,41.806343
0000012216,松のや 藍住店（松屋併設）,松のや,134.475357,34.127918
0000012217,松のや 霧島隼人店（松屋併設）,松のや,130.740906,31.740843
0000012218,松のや 秋田広面店（松屋併設）,松のや,140.148972,39.716415
0000012219,松のや 八王子山田店（松屋併設）,松のや,139.320175,35.643826
0000012220,松のや 朝倉甘木店（松屋併設）,松のや,130.656967,33.419151
0000012221,松のや 小松日の出町店（松屋併設）,松のや,136.455475,36.397945
0000012222,松のや 豊川店（松屋併設）,松のや,137.405930,34.822151
0000012223,松のや 群馬吉岡店（松屋併設）,松のや,139.024506,36.427879
0000012224,松のや 8号長浜店（松屋併設）,松のや,136.284439,35.387794
0000012225,松のや 野田山崎新町店（松屋併設）,松のや,139.895584,35.925056
0000012226,松のや 栗東市役所前店（松屋併設）,松のや,135.998260,35.022755
0000012227,松のや 宇治小倉店（松屋併設）,松のや,135.783966,34.898914
0000012228,松のや 藤沢石川店（松屋併設）,松のや,139.446716,35.388065
0000012229,松のや 大分猪野店（松屋併設）,松のや,131.663498,33.221176
0000012230,松のや 盛岡みたけ店（松屋併設）,松のや,141.118073,39.737679
0000012231,松のや 入間市駅前店（松屋併設）,松のや,139.388733,35.840206
0000012232,松のや 札幌美しが丘店（松屋併設）,松のや,141.454330,42.980167
0000012233,松のや 江別店（松屋併設）,松のや,141.535522,43.101871
0000012235,松のや 奈良押熊店（松屋併設）,松のや,135.766693,34.721378
0000012238,松のや 松山市駅前店（松屋併設）,松のや,132.763657,33.836372
0000012239,松のや 熊本桜木店（松屋併設）,松のや,130.785553,32.779556
0000012240,松のや 熊本光の森店（松屋併設）,松のや,130.780609,32.857933
0000012241,松のや 鵜の木店（松屋併設）,松のや,139.680527,35.575993
0000012242,松のや 東予丹原店（松屋併設）,松のや,133.078537,33.918190
0000012243,松のや 滑川店（松屋併設）,松のや,137.351501,36.757961
0000012244,松のや 今治喜田村店（松屋併設）,松のや,133.020721,34.045578
0000012245,松のや 射水太閤山店（松屋併設）,松のや,137.095688,36.703793
0000012246,松のや 東根店（松屋併設）,松のや,140.360718,38.434689
0000012247,松のや 佐倉白銀店（松屋併設）,松のや,140.246674,35.715355
0000012248,松のや 静岡呉服町店（松屋併設）,松のや,138.381393,34.975300
0000012249,松のや 南大分店（松屋併設）,松のや,131.602859,33.205307
0000012250,松のや 渋谷宮益坂店（松屋併設）,松のや,139.705688,35.660305
0000012251,松のや 武蔵小杉南口店（松屋併設）,松のや,139.657135,35.574715
0000012252,松のや 北見常盤店（松屋併設）,松のや,143.888657,43.799873
0000012254,松のや 犬山店（松屋併設）,松のや,136.943436,35.381279
0000012255,松のや 浜松高塚店（松屋併設）,松のや,137.682877,34.687481
0000012256,松のや 津山店（松屋併設）,松のや,133.988098,35.062653
0000012258,松のや 袋井店（松屋併設）,松のや,137.909439,34.747417
0000012260,松のや 仙台一番町店（松屋併設）,松のや,140.871262,38.262207
0000012261,松のや 九条店（松屋併設）,松のや,135.474838,34.675159
0000012262,松のや 横手店（松屋併設） ※2月26日10時オープン,松のや,140.557098,39.303986
0000012263,松のや 八戸田向店（松屋併設） ※3月12日10時オープン,松のや,141.508041,40.496025
0000012264,松のや 徳島松茂広島ランプ店（松屋併設）,松のや,134.573425,34.134228
0000012267,松のや 広島八木店（松屋併設） ※3月14日10時オープン,松のや,132.497629,34.481998
0000012272,松のや 獨協大学前店（松屋併設）,松のや,139.801788,35.843960
0000012274,松のや 岩本町店（松屋併設）,松のや,139.774628,35.694412
0000012276,松のや 新山口駅前店（松屋併設） ※2月27日10時オープン,松のや,131.397903,34.088875
0000012280,松のや 羽田イノベーションシティ店（松屋併設） ※2月25日10時オープン,松のや,139.753922,35.547756
0000012504,松のや 長岡店（松屋併設）,松のや,138.874069,37.499340
0000012506,松のや 四国中央店（松屋併設）,松のや,133.551193,33.978642
0000012508,松のや 久留米新合川店（松屋併設）,松のや,130.541046,33.320019
0000012511,マイカリー食堂 春日店（松のや併設）,マイカリー食堂,139.753448,35.709751
0000012512,マイカリー食堂 千葉都町店（松のや併設）,マイカリー食堂,140.147049,35.613430
0000012514,松のや 近鉄八尾駅前店（松屋併設）,松のや,135.602951,34.630783
0000012517,マイカリー食堂 市川店（松のや併設）,マイカリー食堂,139.908875,35.729343
0000012518,マイカリー食堂 元町店（松のや併設）,マイカリー食堂,135.189285,34.690163
0000012520,松のや 沖縄知花店 （松屋併設）,松のや,127.815598,26.366062
0000012521,松のや 新居浜店（松屋併設）,松のや,133.308777,33.937088
0000012523,マイカリー食堂 板橋店（松のや併設）,マイカリー食堂,139.721039,35.745907
0000012524,マイカリー食堂 香里園店（松のや併設）,マイカリー食堂,135.629135,34.784508
0000012530,松のや 那覇小禄店（松屋併設）,松のや,127.670067,26.198877
0000012532,マイカリー食堂 中洲店（松のや併設）,マイカリー食堂,130.405212,33.593834
0000012534,マイカリー食堂 草津木川町店（松のや併設）,マイカリー食堂,135.942703,35.019493
0000012536,マイカリー食堂 今津店（松のや併設）,マイカリー食堂,135.351578,34.731487
0000012541,マイカリー食堂 平塚店（松のや併設）,マイカリー食堂,139.348602,35.328789
0000012544,マイカリー食堂 千葉店（松のや併設）,マイカリー食堂,140.116653,35.609623
0000012552,マイカリー食堂 麹町店 (松のや併設),マイカリー食堂,139.737595,35.683678
0000012553,マイカリー食堂 静岡北脇新田店（松のや併設）,マイカリー食堂,138.464615,35.017059
0000012556,マイカリー食堂 萱島店（松のや併設）,マイカリー食堂,135.610901,34.747284
0000012558,マイカリー食堂 蕨西口店（松のや併設）,マイカリー食堂,139.690018,35.827557
0000012559,マイカリー食堂 志村坂上店（松のや併設）,マイカリー食堂,139.694626,35.776215
0000012560,マイカリー食堂 江坂店（松のや併設）,マイカリー食堂,135.495102,34.757862
0000012562,マイカリー食堂 伊勢佐木町店（松のや併設）,マイカリー食堂,139.630920,35.443233
0000012563,松のや 野崎店（松屋併設）,松のや,135.634918,34.721077
0000012565,マイカリー食堂 上大岡西店（松のや併設）,マイカリー食堂,139.595581,35.406437
0000012566,マイカリー食堂 仙川店（松のや併設）,マイカリー食堂,139.585709,35.660221
0000012567,マイカリー食堂 新大阪東口店（松のや併設）,マイカリー食堂,135.502975,34.733570
0000012568,マイカリー食堂 阪神西宮店（松のや併設）,マイカリー食堂,135.337769,34.736671
0000012571,マイカリー食堂 摂津富田店（松のや併設）,マイカリー食堂,135.593506,34.836628
0000012572,マイカリー食堂 川西能勢口店（駅西口／松のや併設）,マイカリー食堂,135.411804,34.827820
0000012573,マイカリー食堂 西荻窪店（松のや併設）,マイカリー食堂,139.600296,35.703064
0000012574,松のや 新潟紫竹山店 （松屋併設）,松のや,139.062210,37.899837
0000012575,マイカリー食堂 関大前店（松のや併設）,マイカリー食堂,135.505905,34.772507
0000012581,マイカリー食堂 四日市芝田店（松のや併設）,マイカリー食堂,136.611588,34.971138
0000012583,マイカリー食堂 大垣島里店（松のや併設）,マイカリー食堂,136.620239,35.325928
0000012587,マイカリー食堂 安城店（松のや併設）,マイカリー食堂,137.084076,34.951401
0000021652,マイカリー食堂 清瀬店（松屋・松のや併設）,マイカリー食堂,139.519409,35.771439
0000021793,マイカリー食堂 浜松高竜店（松屋併設）,マイカリー食堂,137.738113,34.698948
0000021953,マイカリー食堂 幕張インター店（松屋・松のや併設）,マイカリー食堂,140.031311,35.671215
0000021960,マイカリー食堂 平針店（松屋・松のや併設）,マイカリー食堂,137.007950,35.123199
0000022051,マイカリー食堂 丸亀中府店（松屋・松のや併設）,マイカリー食堂,133.796417,34.279064
0000022053,マイカリー食堂 鹿児島新栄店（松屋・松のや併設）,マイカリー食堂,130.542938,31.548510
0000022055,マイカリー食堂 三重川越町店（松屋・松のや併設）,マイカリー食堂,136.664078,35.015450
0000022069,マイカリー食堂 明大前店（松屋・松のや併設）,マイカリー食堂,139.650681,35.668678
0000022075,マイカリー食堂 高知朝倉店（松屋・松のや併設）,マイカリー食堂,133.500244,33.544022
0000022077,マイカリー食堂 王子神谷店（松屋・松のや併設）,マイカリー食堂,139.735916,35.765156
0000022104,マイカリー食堂 武蔵中原店（松屋・松のや併設）,マイカリー食堂,139.642181,35.580769
